Entity,Code,Year,$3.20 a day - share of population below poverty line
Albania,ALB,1996,11.17414933675462
Albania,ALB,2002,14.13211815688005
Albania,ALB,2005,8.71568477109178
Albania,ALB,2008,5.25054159180846
Albania,ALB,2012,6.18241386926326
Albania,ALB,2014,11.61562086400974
Albania,ALB,2015,4.69076710832596
Albania,ALB,2016,5.46261218520396
Albania,ALB,2017,4.28474272120853
Albania,ALB,2018,3.3245385958051896
Albania,ALB,2019,1.19859392310577
Algeria,DZA,1988,24.466636319702058
Algeria,DZA,1995,23.54044921874999
Algeria,DZA,2011,3.74460449218749
Angola,AGO,2000,59.678611294677786
Angola,AGO,2008,60.60456763425691
Angola,AGO,2018,71.48482593603393
Argentina - urban,,1980,1.7857678222656201
Argentina - urban,,1986,2.29663652725275
Argentina - urban,,1987,3.25723519049183
Argentina - urban,,1991,5.5086541486642595
Argentina - urban,,1992,6.110275783632161
Argentina - urban,,1993,7.026528521873559
Argentina - urban,,1994,6.760663240253651
Argentina - urban,,1995,10.17540376580666
Argentina - urban,,1996,12.02962133202975
Argentina - urban,,1997,11.182163681884049
Argentina - urban,,1998,12.530877286122191
Argentina - urban,,1999,13.063400304451989
Argentina - urban,,2000,15.062843989951
Argentina - urban,,2001,19.20714302579091
Argentina - urban,,2002,30.259113322108128
Argentina - urban,,2003,17.332336043860618
Argentina - urban,,2004,13.90442501878838
Argentina - urban,,2005,11.160507728211739
Argentina - urban,,2006,8.79107797937761
Argentina - urban,,2007,7.196721925390411
Argentina - urban,,2008,6.9809324078607595
Argentina - urban,,2009,6.13528092800819
Argentina - urban,,2010,4.930344965769979
Argentina - urban,,2011,3.31858939133231
Argentina - urban,,2012,3.4965819145505903
Argentina - urban,,2013,3.2226423774731603
Argentina - urban,,2014,3.6315022043403795
Argentina - urban,,2016,3.56455923936377
Argentina - urban,,2017,3.10460779392419
Argentina - urban,,2018,4.02354497211874
Argentina - urban,,2019,4.76914055211507
Argentina - urban,,2020,5.8437928623408295
Armenia,ARM,1996,36.68479248046875
Armenia,ARM,1999,44.8419437900619
Armenia,ARM,2001,47.40033809371757
Armenia,ARM,2002,43.75913170528073
Armenia,ARM,2003,39.68905990016639
Armenia,ARM,2004,29.044478742809037
Armenia,ARM,2005,19.477480187319728
Armenia,ARM,2006,15.51436060426042
Armenia,ARM,2007,13.78381201964527
Armenia,ARM,2008,9.30633126956495
Armenia,ARM,2009,13.88233580453662
Armenia,ARM,2010,14.10767358305286
Armenia,ARM,2011,13.14456480667719
Armenia,ARM,2012,11.26253153629848
Armenia,ARM,2013,11.36917366373955
Armenia,ARM,2014,11.412306603750249
Armenia,ARM,2015,9.4624741417712
Armenia,ARM,2016,9.57605330247597
Armenia,ARM,2017,8.09685316027054
Armenia,ARM,2018,9.42949543856868
Armenia,ARM,2019,9.845612538522811
Armenia,ARM,2020,6.86473521262594
Australia,AUS,1981,1.24623809473005
Australia,AUS,1985,1.33700158126605
Australia,AUS,1989,0.99512544659254
Australia,AUS,1995,1.22160158423479
Australia,AUS,2001,0.9920649212081901
Australia,AUS,2003,1.24127440029811
Australia,AUS,2004,0.7125371959930601
Australia,AUS,2008,0.66945294632089
Australia,AUS,2010,0.67764916305148
Australia,AUS,2014,0.74441490995147
Australia,AUS,2016,0.49874177937585
Australia,AUS,2018,0.7382346200001699
Austria,AUT,1987,0
Austria,AUT,1994,0.46980848880249
Austria,AUT,1995,1.24650095533525
Austria,AUT,1997,0.46217007462158005
Austria,AUT,2000,0.24160877106211
Austria,AUT,2003,0.40182460757765004
Austria,AUT,2004,0.14262783387893
Austria,AUT,2005,0.19562123428362002
Austria,AUT,2006,0.23041492898475
Austria,AUT,2007,0.59875567275408
Austria,AUT,2008,0.5820162649488
Austria,AUT,2009,0.73255657946076
Austria,AUT,2010,0.57520305683479
Austria,AUT,2011,0.57502035207195
Austria,AUT,2012,0.71656319027881
Austria,AUT,2013,0.3766147053708
Austria,AUT,2014,0.33589076950627
Austria,AUT,2015,0.73144462460731
Austria,AUT,2016,0.89279805618639
Austria,AUT,2017,0.39829244174908
Austria,AUT,2018,0.68734567097111
Austria,AUT,2019,0.71255319226357
Azerbaijan,AZE,1995,25.37372426490514
Azerbaijan,AZE,2001,16.68452258577439
Azerbaijan,AZE,2002,0.56752454021275
Azerbaijan,AZE,2003,0.9109996665528799
Azerbaijan,AZE,2004,0.15556698384387999
Azerbaijan,AZE,2005,0.04009373636174279
Bangladesh,BGD,1983,83.21828203866328
Bangladesh,BGD,1985,78.51531336996736
Bangladesh,BGD,1988,82.71709405221875
Bangladesh,BGD,1991,83.5365853490182
Bangladesh,BGD,1995,74.7999108169101
Bangladesh,BGD,2000,72.29921371362995
Bangladesh,BGD,2005,65.76808392575745
Bangladesh,BGD,2010,59.96110181170232
Bangladesh,BGD,2016,52.265588806016794
Belarus,BLR,1993,3.68358154296874
Belarus,BLR,1995,3.0123291015624902
Belarus,BLR,1998,39.82573632679839
Belarus,BLR,1999,34.93633120347639
Belarus,BLR,2000,27.76647997784641
Belarus,BLR,2001,15.609860584545041
Belarus,BLR,2002,11.433163782318239
Belarus,BLR,2003,9.40061626196507
Belarus,BLR,2004,4.71034769834093
Belarus,BLR,2005,2.66547390239682
Belarus,BLR,2006,1.21480794476803
Belarus,BLR,2007,1.13541237183082
Belarus,BLR,2008,0.51792861052941
Belarus,BLR,2009,0.57548357265462
Belarus,BLR,2010,0.17213308108469
Belarus,BLR,2011,0.05468132167261257
Belarus,BLR,2012,0.0812049772198165
Belarus,BLR,2013,0.045923837126025345
Belarus,BLR,2014,0
Belarus,BLR,2015,0
Belarus,BLR,2016,0
Belarus,BLR,2017,0.027521605268305924
Belarus,BLR,2018,0.022012188238898122
Belarus,BLR,2019,0
Belarus,BLR,2020,0.026765459347246962
Belgium,BEL,1985,0.49675200724970003
Belgium,BEL,1988,0.7352906937096
Belgium,BEL,1992,0.9832838279244
Belgium,BEL,1995,0.72919926741206
Belgium,BEL,1997,0.49247940301453
Belgium,BEL,2000,0.66123955664055
Belgium,BEL,2003,0.45099638139226
Belgium,BEL,2004,0.12799201587909
Belgium,BEL,2005,0.32792853855514004
Belgium,BEL,2006,0.21040159198038
Belgium,BEL,2007,0.19660197679480002
Belgium,BEL,2008,0.14073749990858
Belgium,BEL,2009,0.15885292417682
Belgium,BEL,2010,0.19895671368215997
Belgium,BEL,2011,0.28984884764816
Belgium,BEL,2012,0.23130173909624002
Belgium,BEL,2013,0.22179425048752
Belgium,BEL,2014,0.1264582449026
Belgium,BEL,2015,0.19516408074834998
Belgium,BEL,2016,0.08662038599962148
Belgium,BEL,2017,0.2261241159032
Belgium,BEL,2018,0.08975118399702352
Belgium,BEL,2019,0.12917170597556998
Belize,BLZ,1993,24.74071824462835
Belize,BLZ,1994,26.313388398002306
Belize,BLZ,1995,21.9328938160657
Belize,BLZ,1996,31.33032073184172
Belize,BLZ,1997,34.79219285223102
Belize,BLZ,1998,33.124424083598555
Belize,BLZ,1999,27.70086509682797
Benin,BEN,2003,79.81871374712775
Benin,BEN,2011,76.76494714319755
Benin,BEN,2015,76.2475299170599
Benin,BEN,2018,51.25861906535836
Bhutan,BTN,2003,45.30260567487282
Bhutan,BTN,2007,30.61567291153805
Bhutan,BTN,2012,14.73921165228812
Bhutan,BTN,2017,12.15066471844917
Bolivia,BOL,1997,31.94817794508512
Bolivia,BOL,1999,38.07205742553284
Bolivia,BOL,2000,41.34815975985655
Bolivia,BOL,2001,36.07047856834278
Bolivia,BOL,2002,38.24691127225936
Bolivia,BOL,2004,28.94499181992384
Bolivia,BOL,2005,31.959590925435748
Bolivia,BOL,2006,28.531871510356382
Bolivia,BOL,2007,26.32893836739666
Bolivia,BOL,2008,20.013632658335208
Bolivia,BOL,2009,18.26557489732408
Bolivia,BOL,2011,13.95569135458552
Bolivia,BOL,2012,14.607674145158601
Bolivia,BOL,2013,12.18267178309478
Bolivia,BOL,2014,12.09041701322328
Bolivia,BOL,2015,11.62172251906939
Bolivia,BOL,2016,13.108784294315859
Bolivia,BOL,2017,12.41726264372079
Bolivia,BOL,2018,10.956841208352621
Bolivia,BOL,2019,7.82430959048685
Bolivia,BOL,2020,8.96023783608929
Bolivia - urban,,1990,23.66197041576185
Bolivia - urban,,1992,37.06379824778122
Bosnia and Herzegovina,BIH,2001,0.93337568883381
Bosnia and Herzegovina,BIH,2004,0.64177278830619
Bosnia and Herzegovina,BIH,2007,0.42308461581417
Bosnia and Herzegovina,BIH,2011,0.71751948157479
Botswana,BWA,1985,62.17507888012975
Botswana,BWA,1993,54.296015624999995
Botswana,BWA,2002,48.73948460694989
Botswana,BWA,2009,35.495532757015205
Botswana,BWA,2015,36.47504142613278
Brazil,BRA,1981,39.00377763889301
Brazil,BRA,1982,39.00092984508724
Brazil,BRA,1983,47.10181533388579
Brazil,BRA,1984,46.43135649891309
Brazil,BRA,1985,41.47877173041313
Brazil,BRA,1986,23.180755746126692
Brazil,BRA,1987,33.035953056785885
Brazil,BRA,1988,35.718398941681
Brazil,BRA,1989,33.01054149162553
Brazil,BRA,1990,38.30946109174542
Brazil,BRA,1992,37.09637808117919
Brazil,BRA,1993,36.25943061485686
Brazil,BRA,1995,26.786130706901588
Brazil,BRA,1996,27.23167810890162
Brazil,BRA,1997,27.500682634189662
Brazil,BRA,1998,25.310836881263597
Brazil,BRA,1999,27.05210897015773
Brazil,BRA,2001,23.31343070067199
Brazil,BRA,2002,22.29228068718817
Brazil,BRA,2003,23.34536866851439
Brazil,BRA,2004,21.425599612542808
Brazil,BRA,2005,19.57474716851518
Brazil,BRA,2006,16.96225179911298
Brazil,BRA,2007,15.560958530689762
Brazil,BRA,2008,13.414686146614349
Brazil,BRA,2009,12.39889155749438
Brazil,BRA,2011,10.191644616645359
Brazil,BRA,2012,9.2929047688806
Brazil,BRA,2013,8.11096161089065
Brazil,BRA,2014,7.341110167268999
Brazil,BRA,2015,8.05904627749179
Brazil,BRA,2016,9.26253104546719
Brazil,BRA,2017,9.50116963349083
Brazil,BRA,2018,9.55850296485429
Brazil,BRA,2019,9.54805709867893
Brazil,BRA,2020,4.308933516351781
Bulgaria,BGR,1989,0.089329833984375
Bulgaria,BGR,1992,0
Bulgaria,BGR,1994,0.62633178710937
Bulgaria,BGR,1995,3.03657694962042
Bulgaria,BGR,1997,6.14890869140624
Bulgaria,BGR,2001,7.7490280198418
Bulgaria,BGR,2003,4.5176298008844995
Bulgaria,BGR,2006,11.01371584510656
Bulgaria,BGR,2007,2.6121847675544303
Bulgaria,BGR,2008,3.36758973292755
Bulgaria,BGR,2009,2.91514096898488
Bulgaria,BGR,2010,4.41497316102041
Bulgaria,BGR,2011,5.04165830111768
Bulgaria,BGR,2012,5.37494094908959
Bulgaria,BGR,2013,4.99018397573416
Bulgaria,BGR,2014,3.89422071682288
Bulgaria,BGR,2015,5.96982975467861
Bulgaria,BGR,2016,4.58780520584202
Bulgaria,BGR,2017,3.3450900153589003
Bulgaria,BGR,2018,2.15844029815149
Bulgaria,BGR,2019,2.63621873272867
Burkina Faso,BFA,1994,92.86355845052998
Burkina Faso,BFA,1998,91.39840128910582
Burkina Faso,BFA,2003,80.47093035578094
Burkina Faso,BFA,2009,81.7542090608473
Burkina Faso,BFA,2014,76.6933127069947
Burkina Faso,BFA,2018,61.8076949234748
Burundi,BDI,1992,95.07180272945959
Burundi,BDI,1998,95.43221475440215
Burundi,BDI,2006,93.13512003460231
Burundi,BDI,2013,89.64404042024258
Cameroon,CMR,1996,75.35403357614379
Cameroon,CMR,2001,55.78807851019416
Cameroon,CMR,2007,58.42974090305418
Cameroon,CMR,2014,46.95823464126336
Canada,CAN,1971,2.9973810490524997
Canada,CAN,1975,1.24756464143993
Canada,CAN,1981,0.74812417118949
Canada,CAN,1987,0.22109677742125
Canada,CAN,1991,0.21757377323914
Canada,CAN,1994,0.24814096765243002
Canada,CAN,1997,0.4992698673055
Canada,CAN,1998,0.4993151205028
Canada,CAN,2000,0.49913946038203
Canada,CAN,2004,0.24355848530468
Canada,CAN,2007,0.24825242107119
Canada,CAN,2010,0.24883100418888
Canada,CAN,2012,0.24652140970677
Canada,CAN,2013,0.49648544485727997
Canada,CAN,2014,0.49497858537227
Canada,CAN,2015,0.49591716531859004
Canada,CAN,2016,0.49981260839038
Canada,CAN,2017,0.49738307093489004
Cape Verde,CPV,2001,38.06584843006074
Cape Verde,CPV,2007,26.86515162870969
Cape Verde,CPV,2015,15.35399840453113
Central African Republic,CAF,1992,92.1998585696956
Central African Republic,CAF,2008,82.88936663563268
Chad,TCD,2003,83.72609543539384
Chad,TCD,2011,66.30161407061395
Chad,TCD,2018,66.43994110905344
Chile,CHL,1987,28.37445212611059
Chile,CHL,1990,22.24237579302588
Chile,CHL,1992,16.25644579255421
Chile,CHL,1994,15.16518807754957
Chile,CHL,1996,12.18948258132586
Chile,CHL,1998,11.110799586599141
Chile,CHL,2000,12.10121751479705
Chile,CHL,2003,11.21905384476584
Chile,CHL,2006,5.35607644756812
Chile,CHL,2009,4.00331617681584
Chile,CHL,2011,2.5803124198813
Chile,CHL,2013,1.3080909242446501
Chile,CHL,2015,1.0253367186029
Chile,CHL,2017,0.68379382768529
Chile,CHL,2020,1.36164005504156
China,CHN,1981,99.31532129028959
China,CHN,1984,96.3034822776534
China,CHN,1987,90.1872629992043
China,CHN,1990,90.03044008044571
China,CHN,1993,83.39293440165203
China,CHN,1996,72.9338255747322
China,CHN,1999,68.36168690080038
China,CHN,2002,57.72928386890691
China,CHN,2005,43.227892417562344
China,CHN,2008,34.671687469738885
China,CHN,2010,28.56973226718197
China,CHN,2011,23.53603477532049
China,CHN,2012,20.21148035667741
China,CHN,2013,12.114727071416489
China,CHN,2014,9.51506003743897
China,CHN,2015,6.9819329711914
China,CHN,2016,5.40162458689367
China,CHN,2017,4.61565339208984
China,CHN,2018,3.15686659523772
China,CHN,2019,1.67083060853321
China - rural,,1981,99.91843708802138
China - rural,,1984,97.12703811939726
China - rural,,1987,93.62052944544844
China - rural,,1990,95.05010939552558
China - rural,,1993,93.11271362304689
China - rural,,1996,84.73322400026697
China - rural,,1999,84.36134035647872
China - rural,,2002,78.43981800651308
China - rural,,2005,63.733607418838844
China - rural,,2008,57.19591819229291
China - rural,,2010,50.82761855685065
China - rural,,2011,43.138260838878715
China - rural,,2012,38.35497723191042
China - rural,,2013,21.44125976562499
China - rural,,2014,16.852333984375
China - rural,,2015,12.800410156249988
China - rural,,2016,10.35949218749999
China - rural,,2017,8.8705322265625
China - rural,,2018,6.08788574218749
China - rural,,2019,3.14657958984374
China - urban,,1981,96.92054565429687
China - urban,,1984,93.41782836914064
China - urban,,1987,79.46798217773437
China - urban,,1990,76.06641183080664
China - urban,,1993,59.714853515625
China - urban,,1996,47.76305723270598
China - urban,,1999,38.47103934824606
China - urban,,2002,24.54122558593749
China - urban,,2005,15.5098291015625
China - urban,,2008,8.7973046875
China - urban,,2010,5.61190673828124
China - urban,,2011,4.330424804687491
China - urban,,2012,3.3052392578124903
China - urban,,2013,3.8483435058593702
China - urban,,2014,3.32964843749999
China - urban,,2015,2.31666748046874
China - urban,,2016,1.6210058593749899
China - urban,,2017,1.5294714355468702
China - urban,,2018,1.13282226562499
China - urban,,2019,0.69955932617187
Colombia,COL,1992,23.05068561122575
Colombia,COL,1996,32.40765654911151
Colombia,COL,1999,36.3682616653833
Colombia,COL,2000,31.3597943306404
Colombia,COL,2001,37.70750357823191
Colombia,COL,2002,28.5298252603037
Colombia,COL,2003,27.66731468401955
Colombia,COL,2004,26.88899867478256
Colombia,COL,2005,23.86640166999485
Colombia,COL,2008,22.64281955853128
Colombia,COL,2009,20.65230558996075
Colombia,COL,2010,18.48146479354251
Colombia,COL,2011,16.542336335801817
Colombia,COL,2012,15.59060248305936
Colombia,COL,2013,14.219966264840188
Colombia,COL,2014,13.1815661735041
Colombia,COL,2015,11.9293889571886
Colombia,COL,2016,11.841106194517579
Colombia,COL,2017,11.06316259678754
Colombia,COL,2018,11.149267031953581
Colombia,COL,2019,12.74798298432144
Colombia,COL,2020,19.90090655305225
Colombia - urban,,1980,35.414227147512214
Colombia - urban,,1988,27.945956943926447
Colombia - urban,,1989,27.934101562500004
Colombia - urban,,1991,25.7332898486245
Comoros,COM,2004,37.36709747129066
Comoros,COM,2014,39.68402349672914
Congo,COG,2005,76.15202707264464
Congo,COG,2011,64.14999010606117
Costa Rica,CRI,1981,43.09027919933634
Costa Rica,CRI,1986,27.35065026912376
Costa Rica,CRI,1989,20.44381357165097
Costa Rica,CRI,1990,19.72416867951673
Costa Rica,CRI,1991,23.728154617493722
Costa Rica,CRI,1992,20.50423871425667
Costa Rica,CRI,1993,16.40930544316529
Costa Rica,CRI,1994,13.934011886588221
Costa Rica,CRI,1995,14.522901130686591
Costa Rica,CRI,1996,17.01328604892341
Costa Rica,CRI,1997,14.106465180762202
Costa Rica,CRI,1998,11.43255933779532
Costa Rica,CRI,1999,13.35159882827703
Costa Rica,CRI,2000,13.91112700749216
Costa Rica,CRI,2001,10.90771556839782
Costa Rica,CRI,2002,9.92718338279927
Costa Rica,CRI,2003,9.88631523180592
Costa Rica,CRI,2004,9.35846803622403
Costa Rica,CRI,2005,8.019386196643
Costa Rica,CRI,2006,7.891882568984481
Costa Rica,CRI,2007,5.36590198836927
Costa Rica,CRI,2008,5.39128543858218
Costa Rica,CRI,2009,5.6944275759027
Costa Rica,CRI,2010,3.8651772094753
Costa Rica,CRI,2011,4.2895372692542395
Costa Rica,CRI,2012,4.07534378656802
Costa Rica,CRI,2013,4.0344291018375795
Costa Rica,CRI,2014,3.9994043060522495
Costa Rica,CRI,2015,4.06949974157034
Costa Rica,CRI,2016,3.78051879828953
Costa Rica,CRI,2017,2.81328580748708
Costa Rica,CRI,2018,3.6556798238012203
Costa Rica,CRI,2019,3.25016076227957
Costa Rica,CRI,2020,5.6930831754664
Cote d'Ivoire,CIV,1985,20.587906735884758
Cote d'Ivoire,CIV,1986,21.12374230226337
Cote d'Ivoire,CIV,1987,28.204638988639807
Cote d'Ivoire,CIV,1988,35.89904749347726
Cote d'Ivoire,CIV,1992,51.352480828724154
Cote d'Ivoire,CIV,1995,50.82554325806019
Cote d'Ivoire,CIV,1998,60.64628453928006
Cote d'Ivoire,CIV,2002,58.08839253505943
Cote d'Ivoire,CIV,2008,59.05169365119427
Cote d'Ivoire,CIV,2015,59.103165446960105
Cote d'Ivoire,CIV,2018,34.86834964556752
Croatia,HRV,1998,0
Croatia,HRV,1999,0.51649047851562
Croatia,HRV,2000,0.26019409179687
Croatia,HRV,2001,0.29070556640625
Croatia,HRV,2004,0.14564225731865
Croatia,HRV,2008,0.12475697258202999
Croatia,HRV,2009,0.08398389895601645
Croatia,HRV,2010,0.05079305749781242
Croatia,HRV,2011,1.9217281223881
Croatia,HRV,2012,2.19879053255414
Croatia,HRV,2013,2.04695308623347
Croatia,HRV,2014,1.7748319664781302
Croatia,HRV,2015,1.29135775206024
Croatia,HRV,2016,1.28205291508928
Croatia,HRV,2017,1.10702020883405
Croatia,HRV,2018,0.74966123314236
Croatia,HRV,2019,0.6120983968941199
Cyprus,CYP,2004,0.0940679469432631
Cyprus,CYP,2005,0.054130256399336676
Cyprus,CYP,2006,0.03128553269992634
Cyprus,CYP,2007,0.025159187283424804
Cyprus,CYP,2008,0.008470222714587753
Cyprus,CYP,2009,0.11828873047739
Cyprus,CYP,2010,0.09777043251280586
Cyprus,CYP,2011,0.032071279708232814
Cyprus,CYP,2012,0.020768824833383274
Cyprus,CYP,2013,0.18907595147682
Cyprus,CYP,2014,0.1587191241243
Cyprus,CYP,2015,0.09062735822174048
Cyprus,CYP,2016,0.090766129445112
Cyprus,CYP,2017,0.05130246847401467
Cyprus,CYP,2018,0.07818159847705033
Cyprus,CYP,2019,0.22256454882482002
Czechia,CZE,1992,0
Czechia,CZE,1993,0.040511474609375
Czechia,CZE,1996,0.2489164020569
Czechia,CZE,2002,0
Czechia,CZE,2004,0.02853368390291738
Czechia,CZE,2005,0.05779360749212202
Czechia,CZE,2006,0.07572811174117508
Czechia,CZE,2007,0.20123039659634
Czechia,CZE,2008,0.12283436071968
Czechia,CZE,2009,0.060066710590332265
Czechia,CZE,2010,0.12200688376280001
Czechia,CZE,2011,0.09691620606744827
Czechia,CZE,2012,0.27439847287511
Czechia,CZE,2013,0.0564406441292403
Czechia,CZE,2014,0.06445570283412451
Czechia,CZE,2015,0.02216525079902868
Czechia,CZE,2016,0.07981436632175465
Czechia,CZE,2017,0.11875881780316
Czechia,CZE,2018,0.04880767219221579
Czechia,CZE,2019,0
Democratic Republic of Congo,COD,2004,98.51871991679704
Democratic Republic of Congo,COD,2012,91.3652283071768
Denmark,DNK,1987,0.74805153909327
Denmark,DNK,1992,0.74676208447765
Denmark,DNK,1995,0.24737881580856
Denmark,DNK,2000,0
Denmark,DNK,2003,0.36886795468051997
Denmark,DNK,2004,0.33116525172144
Denmark,DNK,2005,0.27815130423216
Denmark,DNK,2006,0.21648742455925998
Denmark,DNK,2007,0.34566920225995
Denmark,DNK,2008,0.36462734916905004
Denmark,DNK,2009,0.5658648992773
Denmark,DNK,2010,0.13848134652018
Denmark,DNK,2011,0
Denmark,DNK,2012,0
Denmark,DNK,2013,0.31091564605586
Denmark,DNK,2014,0.24332004937428
Denmark,DNK,2015,0.21475899059364
Denmark,DNK,2016,0.29987349214946
Denmark,DNK,2017,0.17106141265954
Denmark,DNK,2018,0.22652870822013
Denmark,DNK,2019,0.33590668561848996
Djibouti,DJI,2002,47.31359559673816
Djibouti,DJI,2012,38.0232082629259
Djibouti,DJI,2013,44.246383151228606
Djibouti,DJI,2017,39.806092489330865
Dominican Republic,DOM,1986,14.020869140625
Dominican Republic,DOM,1989,31.874045074423563
Dominican Republic,DOM,1992,18.60979492187499
Dominican Republic,DOM,1996,14.0796162411754
Dominican Republic,DOM,1997,13.172799001899952
Dominican Republic,DOM,2000,13.3072779325558
Dominican Republic,DOM,2001,12.735117425242908
Dominican Republic,DOM,2002,14.49152913400544
Dominican Republic,DOM,2003,17.78550556003649
Dominican Republic,DOM,2004,23.46366545587164
Dominican Republic,DOM,2005,17.17099340077899
Dominican Republic,DOM,2006,14.452776401821229
Dominican Republic,DOM,2007,14.00913422272695
Dominican Republic,DOM,2008,14.63669786157319
Dominican Republic,DOM,2009,13.06347084836556
Dominican Republic,DOM,2010,12.784322315741669
Dominican Republic,DOM,2011,10.43800797888704
Dominican Republic,DOM,2012,11.08916756471623
Dominican Republic,DOM,2013,10.05341144038594
Dominican Republic,DOM,2014,7.788198625484349
Dominican Republic,DOM,2015,6.43190737360875
Dominican Republic,DOM,2016,5.9028894303782105
Dominican Republic,DOM,2017,3.7634207816392102
Dominican Republic,DOM,2018,2.59821184112387
Dominican Republic,DOM,2019,2.69636679685864
Dominican Republic,DOM,2020,3.99266156716446
East Asia and Pacific,,1981,93.4471888603088
East Asia and Pacific,,1982,92.85913578422168
East Asia and Pacific,,1983,92.04241667336935
East Asia and Pacific,,1984,90.7714148629636
East Asia and Pacific,,1985,89.51365522507902
East Asia and Pacific,,1986,88.28080777065709
East Asia and Pacific,,1987,86.32766230815471
East Asia and Pacific,,1988,83.48427472222998
East Asia and Pacific,,1989,86.18120441833575
East Asia and Pacific,,1990,84.96716671115482
East Asia and Pacific,,1991,83.69923489067085
East Asia and Pacific,,1992,81.64254010533004
East Asia and Pacific,,1993,79.37922071667026
East Asia and Pacific,,1994,76.32828139035446
East Asia and Pacific,,1995,73.21032215073863
East Asia and Pacific,,1996,70.09545754048241
East Asia and Pacific,,1997,69.24101133232543
East Asia and Pacific,,1998,69.17852612842874
East Asia and Pacific,,1999,66.62147883393328
East Asia and Pacific,,2000,63.55941493839317
East Asia and Pacific,,2001,61.054377507986466
East Asia and Pacific,,2002,56.5831289740027
East Asia and Pacific,,2003,53.43244211414616
East Asia and Pacific,,2004,49.755807542535116
East Asia and Pacific,,2005,44.55758297128697
East Asia and Pacific,,2006,42.88344643115976
East Asia and Pacific,,2007,39.05807250003295
East Asia and Pacific,,2008,36.97472101771981
East Asia and Pacific,,2009,34.13732921918055
East Asia and Pacific,,2010,29.930607425495182
East Asia and Pacific,,2011,25.82546419714906
East Asia and Pacific,,2012,23.08180068825241
East Asia and Pacific,,2013,16.86396667932597
East Asia and Pacific,,2014,14.45330834310715
East Asia and Pacific,,2015,11.89189909189984
East Asia and Pacific,,2016,10.27316603530774
East Asia and Pacific,,2017,8.965365378590711
East Asia and Pacific,,2018,7.38062834637178
East Asia and Pacific,,2019,5.94068712347941
Ecuador,ECU,1994,34.91641785438601
Ecuador,ECU,1999,40.33202705601852
Ecuador,ECU,2000,50.00815114712126
Ecuador,ECU,2003,30.48637775555813
Ecuador,ECU,2004,31.92475374213434
Ecuador,ECU,2005,25.330974682781587
Ecuador,ECU,2006,19.91334136983199
Ecuador,ECU,2007,19.37968270021834
Ecuador,ECU,2008,18.33015733926021
Ecuador,ECU,2009,17.340476464151692
Ecuador,ECU,2010,14.925285883426909
Ecuador,ECU,2011,12.2145046064688
Ecuador,ECU,2012,11.472900396598549
Ecuador,ECU,2013,10.05563481876817
Ecuador,ECU,2014,8.597782595036831
Ecuador,ECU,2015,9.44219946974367
Ecuador,ECU,2016,9.39880494227749
Ecuador,ECU,2017,8.70434068498573
Ecuador,ECU,2018,9.66746854203665
Ecuador,ECU,2019,9.80448335772521
Ecuador,ECU,2020,14.218787101757599
Ecuador - urban,,1987,32.50772546216539
Ecuador - urban,,1995,32.497781931841715
Ecuador - urban,,1998,35.76694048857481
Egypt,EGY,1990,40.48785992941802
Egypt,EGY,1995,41.554423828124996
Egypt,EGY,1999,26.701437988281242
Egypt,EGY,2004,35.43044457216381
Egypt,EGY,2008,33.46517385033893
Egypt,EGY,2010,23.66215698593739
Egypt,EGY,2012,18.991404727107213
Egypt,EGY,2015,18.158492905950858
Egypt,EGY,2017,28.88813012463171
El Salvador,SLV,1989,31.253750000000004
El Salvador,SLV,1991,37.22511752564335
El Salvador,SLV,1995,27.627476706175358
El Salvador,SLV,1996,29.205871513269848
El Salvador,SLV,1998,33.12428209470043
El Salvador,SLV,1999,29.03054407221834
El Salvador,SLV,2000,24.30041638940157
El Salvador,SLV,2001,25.9499992515885
El Salvador,SLV,2002,26.21969056638302
El Salvador,SLV,2003,27.23864545395225
El Salvador,SLV,2004,22.91876322386785
El Salvador,SLV,2005,23.14140377550466
El Salvador,SLV,2006,19.16678065035796
El Salvador,SLV,2007,15.281819332535271
El Salvador,SLV,2008,19.83154136106168
El Salvador,SLV,2009,19.40806189752717
El Salvador,SLV,2010,18.34718016601948
El Salvador,SLV,2011,16.71208399344393
El Salvador,SLV,2012,14.67843471449209
El Salvador,SLV,2013,12.746808770337609
El Salvador,SLV,2014,12.43826905684875
El Salvador,SLV,2015,10.20835350911377
El Salvador,SLV,2016,10.69731787830469
El Salvador,SLV,2017,8.69360413683663
El Salvador,SLV,2018,7.97164520723665
El Salvador,SLV,2019,5.68537080607213
Estonia,EST,1993,5.4898608398437405
Estonia,EST,1995,4.684357910156249
Estonia,EST,1998,2.81705566406249
Estonia,EST,2000,5.17028951104802
Estonia,EST,2001,4.99605658313021
Estonia,EST,2002,4.867932504539009
Estonia,EST,2003,5.28423761791419
Estonia,EST,2004,2.78614500059248
Estonia,EST,2005,1.64264251893737
Estonia,EST,2006,1.3306545970479
Estonia,EST,2007,0.7544989558938799
Estonia,EST,2008,0.7391761275761499
Estonia,EST,2009,1.0637928410931898
Estonia,EST,2010,1.56101071309914
Estonia,EST,2011,1.5897462511871001
Estonia,EST,2012,1.33907978101612
Estonia,EST,2013,1.45687245157286
Estonia,EST,2014,1.1846909278908
Estonia,EST,2015,0.91484002870143
Estonia,EST,2016,0.66863688161602
Estonia,EST,2017,0.5317481785906101
Estonia,EST,2018,0.47223125003040994
Estonia,EST,2019,0.8156986541583099
Eswatini,SWZ,1994,92.0988240263282
Eswatini,SWZ,2000,71.96687682112089
Eswatini,SWZ,2009,65.13330808776135
Eswatini,SWZ,2016,52.13006878616141
Ethiopia,ETH,1995,88.59914314700859
Ethiopia,ETH,1999,89.1810953646261
Ethiopia,ETH,2004,79.76435618248144
Ethiopia,ETH,2010,74.63451719641252
Ethiopia,ETH,2015,68.93999448329208
Ethiopia - rural,,1981,92.85410584234552
Europe and Central Asia,,1990,8.84813596608892
Europe and Central Asia,,1991,10.11534354315986
Europe and Central Asia,,1992,12.960935567266679
Europe and Central Asia,,1993,15.12994467811834
Europe and Central Asia,,1994,19.14501844348402
Europe and Central Asia,,1995,17.436290550896132
Europe and Central Asia,,1996,18.086196462078018
Europe and Central Asia,,1997,15.751090048221089
Europe and Central Asia,,1998,16.208014199609018
Europe and Central Asia,,1999,21.52311714141014
Europe and Central Asia,,2000,18.897774198968182
Europe and Central Asia,,2001,16.96539367355203
Europe and Central Asia,,2002,14.990980882231339
Europe and Central Asia,,2003,14.30849391882705
Europe and Central Asia,,2004,12.15174372534112
Europe and Central Asia,,2005,11.54438994638683
Europe and Central Asia,,2006,9.78568271284943
Europe and Central Asia,,2007,8.454029912091709
Europe and Central Asia,,2008,7.213042138663769
Europe and Central Asia,,2009,6.936415338334189
Europe and Central Asia,,2010,6.80127533532946
Europe and Central Asia,,2011,6.42938180627753
Europe and Central Asia,,2012,6.10937475670929
Europe and Central Asia,,2013,5.62730672209543
Europe and Central Asia,,2014,5.72540756025574
Europe and Central Asia,,2015,5.36075436304636
Europe and Central Asia,,2016,4.76279877379093
Europe and Central Asia,,2017,4.68146569752286
Europe and Central Asia,,2018,4.04247399148578
Europe and Central Asia,,2019,4.06800895956001
Fiji,FJI,2002,14.16544646994258
Fiji,FJI,2008,10.88627266198426
Fiji,FJI,2013,7.45536100612995
Fiji,FJI,2019,14.49891169657974
Finland,FIN,1987,0
Finland,FIN,1991,0
Finland,FIN,1995,0
Finland,FIN,2000,0
Finland,FIN,2003,0.08480336675136194
Finland,FIN,2004,0.06995629431959204
Finland,FIN,2005,0.10388313761875001
Finland,FIN,2006,0.09449146545585904
Finland,FIN,2007,0.09791413563110889
Finland,FIN,2008,0.12714893865383
Finland,FIN,2009,0.063057590829587
Finland,FIN,2010,0.06909842642407696
Finland,FIN,2011,0.06329581427426548
Finland,FIN,2012,0.054570436181486555
Finland,FIN,2013,0.09138894322281509
Finland,FIN,2014,0.07666443386841021
Finland,FIN,2015,0.10449387910244001
Finland,FIN,2016,0.08229386369837571
Finland,FIN,2017,0.08540169014614864
Finland,FIN,2018,0.1119218955286
Finland,FIN,2019,0.09996996031171655
France,FRA,1978,1.49180583811182
France,FRA,1984,1.9936974868141
France,FRA,1989,1.24407220762218
France,FRA,1994,0.24939289612247
France,FRA,2000,0.24474613789531
France,FRA,2003,0.20071639298584998
France,FRA,2004,0.11102317341331
France,FRA,2005,0.052899570613869316
France,FRA,2006,0.04213661017320722
France,FRA,2007,0.030857984425869265
France,FRA,2008,0.020584003410308152
France,FRA,2009,0.11949589593490001
France,FRA,2010,0.11949508581601
France,FRA,2011,0.061679714384047034
France,FRA,2012,0.0889943671585526
France,FRA,2013,0.12879750954905
France,FRA,2014,0.04168202527693084
France,FRA,2015,0.15085939938406
France,FRA,2016,0.12289739383022999
France,FRA,2017,0.03175891035725187
France,FRA,2018,0.07229216610383363
Gabon,GAB,2005,25.81976684290826
Gabon,GAB,2017,11.21183866337428
Gambia,GMB,1998,86.88956084328913
Gambia,GMB,2003,69.75076005245845
Gambia,GMB,2010,53.45258869210393
Gambia,GMB,2015,38.39345159804084
Georgia,GEO,1996,16.69594976282702
Georgia,GEO,1997,35.7907459442902
Georgia,GEO,1998,34.59140536753008
Georgia,GEO,1999,41.26500439141348
Georgia,GEO,2000,44.17646777032136
Georgia,GEO,2001,46.41109688195636
Georgia,GEO,2002,29.909843131237878
Georgia,GEO,2003,30.08216783474697
Georgia,GEO,2004,27.81932615545643
Georgia,GEO,2005,30.07457431345969
Georgia,GEO,2006,30.092060682128967
Georgia,GEO,2007,32.5101009317146
Georgia,GEO,2008,28.901128064538277
Georgia,GEO,2009,28.91430606878374
Georgia,GEO,2010,30.638181692446807
Georgia,GEO,2011,28.27598256394339
Georgia,GEO,2012,25.413140376125632
Georgia,GEO,2013,20.78890597503845
Georgia,GEO,2014,17.758236518417352
Georgia,GEO,2015,15.71631609415109
Georgia,GEO,2016,16.08726222478546
Georgia,GEO,2017,16.05363469484608
Georgia,GEO,2018,15.52413858610571
Georgia,GEO,2019,14.82078184897572
Georgia,GEO,2020,17.04498104253255
Germany,DEU,1991,0
Germany,DEU,1992,0.23775076141572
Germany,DEU,1993,0
Germany,DEU,1994,0.18821348145076
Germany,DEU,1995,0.24242906244946
Germany,DEU,1996,0.24807859633625998
Germany,DEU,1997,0.21876860825452998
Germany,DEU,1998,0
Germany,DEU,1999,0.23505194178118
Germany,DEU,2000,0.24933054714791
Germany,DEU,2001,0
Germany,DEU,2002,0
Germany,DEU,2003,0.22819638034752002
Germany,DEU,2004,0.20847782468922
Germany,DEU,2005,0
Germany,DEU,2006,0
Germany,DEU,2007,0
Germany,DEU,2008,0.24716957286335
Germany,DEU,2009,0
Germany,DEU,2010,0.24980600672994
Germany,DEU,2011,0
Germany,DEU,2012,0
Germany,DEU,2013,0
Germany,DEU,2014,0.24989782944037
Germany,DEU,2015,0
Germany,DEU,2016,0
Germany,DEU,2017,0.23355321884744998
Germany,DEU,2018,0.24972662390797
Ghana,GHA,1987,73.85423005854484
Ghana,GHA,1988,73.05659401983175
Ghana,GHA,1991,77.30020938273505
Ghana,GHA,1998,62.09264928344906
Ghana,GHA,2005,47.96065896742157
Ghana,GHA,2012,30.94464371545076
Ghana,GHA,2016,29.33634889595344
Greece,GRC,1995,2.24123241702254
Greece,GRC,2000,0.9725137298727701
Greece,GRC,2003,0.70412657456339
Greece,GRC,2004,1.01976846581211
Greece,GRC,2005,0.5343437484971001
Greece,GRC,2006,0.92196107822956
Greece,GRC,2007,0.77997165736202
Greece,GRC,2008,0.54068310602799
Greece,GRC,2009,0.67202111170355
Greece,GRC,2010,1.3108580622196
Greece,GRC,2011,2.01000274068139
Greece,GRC,2012,2.9196883049166797
Greece,GRC,2013,2.68557137705412
Greece,GRC,2014,3.03202057062364
Greece,GRC,2015,2.91167187687269
Greece,GRC,2016,2.07494518856008
Greece,GRC,2017,1.61765343505493
Greece,GRC,2018,0.29564687726683
Greece,GRC,2019,1.2949272315123
Guatemala,GTM,1986,68.83350790390699
Guatemala,GTM,1989,54.19038016184623
Guatemala,GTM,1998,28.27583007812499
Guatemala,GTM,2000,22.40141199800985
Guatemala,GTM,2006,24.25934012328923
Guatemala,GTM,2014,24.40511949055994
Guinea,GIN,1991,98.54604222575136
Guinea,GIN,1994,73.77959679879304
Guinea,GIN,2002,84.52391483528109
Guinea,GIN,2007,81.3581013641817
Guinea,GIN,2012,70.94867748832752
Guinea,GIN,2018,60.39129099036984
Guinea-Bissau,GNB,1993,70.8360508786606
Guinea-Bissau,GNB,2002,84.47024838495562
Guinea-Bissau,GNB,2010,85.39397121693739
Guinea-Bissau,GNB,2018,59.49987370548118
Guyana,GUY,1992,54.862787691061776
Guyana,GUY,1998,23.95630542937486
Haiti,HTI,2001,79.88265651837887
Haiti,HTI,2012,50.25484818691827
High income countries,,1981,1.24955521527369
High income countries,,1982,1.20735615525798
High income countries,,1983,1.17053989307578
High income countries,,1984,1.13808951218509
High income countries,,1985,1.08598414314453
High income countries,,1986,1.02329439927948
High income countries,,1987,1.0028204888124
High income countries,,1988,0.8770365398559601
High income countries,,1989,0.78582478231917
High income countries,,1990,0.76055899539246
High income countries,,1991,0.7175604308563199
High income countries,,1992,0.7814344942012601
High income countries,,1993,0.8212149016963399
High income countries,,1994,0.79693521779773
High income countries,,1995,0.77296914733442
High income countries,,1996,0.74979020595613
High income countries,,1997,0.73060887075102
High income countries,,1998,0.8078770837592799
High income countries,,1999,0.70856014191719
High income countries,,2000,0.68307413383767
High income countries,,2001,0.7319906511158399
High income countries,,2002,0.67488707989047
High income countries,,2003,0.7691481428149299
High income countries,,2004,0.75823079553061
High income countries,,2005,0.74191425996747
High income countries,,2006,0.7027390740703
High income countries,,2007,0.70256388105351
High income countries,,2008,0.7348273461224101
High income countries,,2009,0.62892956362031
High income countries,,2010,0.7278504377932801
High income countries,,2011,0.77931650771494
High income countries,,2012,0.8148904942736899
High income countries,,2013,0.87237347380772
High income countries,,2014,0.93680221591141
High income countries,,2015,0.88453622646615
High income countries,,2016,0.84707772236483
High income countries,,2017,0.89197519321781
High income countries,,2018,0.8337769922710699
High income countries,,2019,0.74479617243208
Honduras,HND,1989,62.62006037684067
Honduras,HND,1990,64.93981881820176
Honduras,HND,1991,57.97302118258531
Honduras,HND,1992,52.70052855331922
Honduras,HND,1993,46.27749723410524
Honduras,HND,1994,46.97302111061872
Honduras,HND,1995,49.28781840652576
Honduras,HND,1996,51.63924243599902
Honduras,HND,1997,40.778003959628236
Honduras,HND,1998,42.62426792173271
Honduras,HND,1999,43.90225471063135
Honduras,HND,2001,35.97653286457526
Honduras,HND,2002,40.75617496676633
Honduras,HND,2003,45.60411665425167
Honduras,HND,2004,44.59793030933152
Honduras,HND,2005,42.04708102255355
Honduras,HND,2006,37.28147877700233
Honduras,HND,2007,32.62778422932473
Honduras,HND,2008,30.86614193802941
Honduras,HND,2009,27.847533300434392
Honduras,HND,2010,29.94132472718556
Honduras,HND,2011,29.99686355411156
Honduras,HND,2012,35.66697546974138
Honduras,HND,2013,31.58728277280535
Honduras,HND,2014,31.82444811249512
Honduras,HND,2015,30.88605901221978
Honduras,HND,2016,30.379562795626256
Honduras,HND,2017,29.340199896136422
Honduras,HND,2018,29.60972236313351
Honduras,HND,2019,29.00785964417642
Honduras - urban,,1986,72.2168917480181
Hungary,HUN,1987,0.10153442382812
Hungary,HUN,1989,0.45546752929687
Hungary,HUN,1991,2.24008206073048
Hungary,HUN,1993,0.39444458007811994
Hungary,HUN,1994,2.23408110340604
Hungary,HUN,1998,0.70676581166886
Hungary,HUN,1999,0.31171343448924
Hungary,HUN,2000,0.37112589102772997
Hungary,HUN,2001,0.19027646600904
Hungary,HUN,2002,0.0664771600765828
Hungary,HUN,2003,0.43893093738333006
Hungary,HUN,2004,0.38796101040918
Hungary,HUN,2005,0.16974260319849
Hungary,HUN,2006,0.11655029276671
Hungary,HUN,2007,0.47214038623758
Hungary,HUN,2008,0.15841097992550002
Hungary,HUN,2009,0.14049426242438
Hungary,HUN,2010,0.26709176595961
Hungary,HUN,2011,0.28721062736599
Hungary,HUN,2012,0.63565740528053
Hungary,HUN,2013,0.77257549774706
Hungary,HUN,2014,1.00736990709661
Hungary,HUN,2015,1.0730452072977898
Hungary,HUN,2016,1.80463499447288
Hungary,HUN,2017,1.23289550021103
Hungary,HUN,2018,0.51104480305661
Hungary,HUN,2019,0.70411862973795
Iceland,ISL,2003,0.037692830572426624
Iceland,ISL,2004,0.17006549704711
Iceland,ISL,2005,0.06746939692991535
Iceland,ISL,2006,0.27816480918065
Iceland,ISL,2007,0.13159960361970002
Iceland,ISL,2008,0.060815003213338166
Iceland,ISL,2009,0.097200670681477
Iceland,ISL,2010,0.1938260924181
Iceland,ISL,2011,0.21563163999238
Iceland,ISL,2012,0.060461604814159235
Iceland,ISL,2013,0.08820933032780645
Iceland,ISL,2014,0.026062048397746063
Iceland,ISL,2015,0.03449018333056427
Iceland,ISL,2016,0.07998376173182384
Iceland,ISL,2017,0.017925464232155915
India,IND,1977,88.72211929715684
India,IND,1983,86.17162837083315
India,IND,1987,83.63468956975234
India,IND,1993,81.9525961060581
India,IND,2004,76.25870480078368
India,IND,2009,71.09163449229428
India,IND,2011,61.71677516315886
India,IND,2015,60.31921571485699
India,IND,2016,59.22667501951271
India,IND,2017,53.69757409596626
India,IND,2018,46.15115073312026
India,IND,2019,44.11697895607437
India - rural,,1977,91.86141391284296
India - rural,,1983,90.06579741233845
India - rural,,1987,87.67360965689197
India - rural,,1993,87.19005184126209
India - rural,,2004,82.97386946721593
India - rural,,2009,79.23147528541915
India - rural,,2011,69.43845923331247
India - rural,,2015,65.88713413395325
India - rural,,2016,65.34213219115973
India - rural,,2017,61.47144929777103
India - rural,,2018,53.346974507040734
India - rural,,2019,50.66194704766337
India - urban,,1977,77.60873702508067
India - urban,,1983,73.7578739695146
India - urban,,1987,71.40273145558488
India - urban,,1993,67.1928935602771
India - urban,,2004,59.74041731966603
India - urban,,2009,52.61938258921107
India - urban,,2011,44.74961134279997
India - urban,,2015,48.89986131170486
India - urban,,2016,46.91208828125078
India - urban,,2017,38.33491597223445
India - urban,,2018,32.20144476142277
India - urban,,2019,31.6756158528345
Indonesia,IDN,1984,90.61012280118123
Indonesia,IDN,1987,91.60609690328474
Indonesia,IDN,1990,85.36515984768135
Indonesia,IDN,1993,84.93912405511877
Indonesia,IDN,1996,77.6251765956737
Indonesia,IDN,1998,88.83852425963865
Indonesia,IDN,1999,77.61328465730433
Indonesia,IDN,2000,77.24365634004779
Indonesia,IDN,2001,74.579900890661
Indonesia,IDN,2002,61.30833930624823
Indonesia,IDN,2003,59.754175158656885
Indonesia,IDN,2004,59.7925237536155
Indonesia,IDN,2005,57.260201760122385
Indonesia,IDN,2006,62.403576893690726
Indonesia,IDN,2007,55.22335241690246
Indonesia,IDN,2008,53.88791091409506
Indonesia,IDN,2009,51.1187299997207
Indonesia,IDN,2010,45.02893794948825
Indonesia,IDN,2011,41.94008082706802
Indonesia,IDN,2012,40.30975380585272
Indonesia,IDN,2013,37.62899242459781
Indonesia,IDN,2014,34.79291200641263
Indonesia,IDN,2015,30.549148093025856
Indonesia,IDN,2016,28.63535201526495
Indonesia,IDN,2017,24.635239503434462
Indonesia,IDN,2018,21.53222348732618
Indonesia,IDN,2019,19.94496468744866
Indonesia,IDN,2020,18.77495523032366
Indonesia,IDN,2021,17.96740121315074
Indonesia - rural,,1984,94.51332806174861
Indonesia - rural,,1987,95.05324340820313
Indonesia - rural,,1990,91.43750706388084
Indonesia - rural,,1993,92.26120614878045
Indonesia - rural,,1996,87.24939109099397
Indonesia - rural,,1998,94.93370706566928
Indonesia - rural,,1999,85.6320714805293
Indonesia - rural,,2000,84.50052661032018
Indonesia - rural,,2001,83.77320411692124
Indonesia - rural,,2002,72.95859844067274
Indonesia - rural,,2003,71.89183617467836
Indonesia - rural,,2004,71.95441944528159
Indonesia - rural,,2005,69.84937452347569
Indonesia - rural,,2006,74.55104831956247
Indonesia - rural,,2007,66.9503002796015
Indonesia - rural,,2008,65.03925088276138
Indonesia - rural,,2009,61.30306753135676
Indonesia - rural,,2010,53.07225856367089
Indonesia - rural,,2011,48.94414247605895
Indonesia - rural,,2012,47.38869531404587
Indonesia - rural,,2013,43.07176340161668
Indonesia - rural,,2014,38.84708963135558
Indonesia - rural,,2015,33.67912696043746
Indonesia - rural,,2016,31.288132939172957
Indonesia - rural,,2017,26.861224374283648
Indonesia - rural,,2018,24.105792334633332
Indonesia - rural,,2019,22.381895557475758
Indonesia - rural,,2020,20.84615528265655
Indonesia - rural,,2021,19.12304046055451
Indonesia - urban,,1984,79.05141520043263
Indonesia - urban,,1987,82.66902744095941
Indonesia - urban,,1990,71.5828537246435
Indonesia - urban,,1993,70.60336739405157
Indonesia - urban,,1996,61.40216524907973
Indonesia - urban,,1998,79.53911008426164
Indonesia - urban,,1999,65.97432785131602
Indonesia - urban,,2000,67.22308689132362
Indonesia - urban,,2001,62.2849887199939
Indonesia - urban,,2002,46.21819463988134
Indonesia - urban,,2003,44.52764419021148
Indonesia - urban,,2004,45.017176686934604
Indonesia - urban,,2005,42.4470567958939
Indonesia - urban,,2006,48.560480774645335
Indonesia - urban,,2007,42.28016709240342
Indonesia - urban,,2008,41.96830855022573
Indonesia - urban,,2009,40.57538907684245
Indonesia - urban,,2010,36.95790069766229
Indonesia - urban,,2011,35.100755468936015
Indonesia - urban,,2012,33.5831303304179
Indonesia - urban,,2013,32.595830435803144
Indonesia - urban,,2014,31.144652813680366
Indonesia - urban,,2015,27.808178293194143
Indonesia - urban,,2016,26.37457475441236
Indonesia - urban,,2017,22.78872968339761
Indonesia - urban,,2018,19.45406372843708
Indonesia - urban,,2019,18.02906736249545
Indonesia - urban,,2020,17.18944008586666
Indonesia - urban,,2021,17.1058659974311
Iran,IRN,1986,20.464892578124992
Iran,IRN,1990,20.074345703124997
Iran,IRN,1994,14.2893701171875
Iran,IRN,1998,14.045278320312498
Iran,IRN,2005,3.97790165338604
Iran,IRN,2006,4.11956598884076
Iran,IRN,2009,4.49539558222079
Iran,IRN,2013,1.7295377872122601
Iran,IRN,2014,3.2165408803936097
Iran,IRN,2015,3.15052111203443
Iran,IRN,2016,3.06997467456951
Iran,IRN,2017,2.90047510166614
Iran,IRN,2018,3.11059498678962
Iran,IRN,2019,4.33282034300914
Iraq,IRQ,2006,15.65877674846054
Iraq,IRQ,2012,14.79835847970922
Ireland,IRL,1987,1.48561982399196
Ireland,IRL,1994,0.49141840241174
Ireland,IRL,1995,0.49401990274633
Ireland,IRL,1996,0.22401808463189
Ireland,IRL,2000,0.17827219729288
Ireland,IRL,2002,0.23505183467945
Ireland,IRL,2003,0.24258387902409997
Ireland,IRL,2004,0.08666018428164221
Ireland,IRL,2005,0.08834175419640362
Ireland,IRL,2006,0.47204140665079
Ireland,IRL,2007,0.12933309457222
Ireland,IRL,2008,0.2645813177184
Ireland,IRL,2009,0.5964701980484299
Ireland,IRL,2010,0.79355123102242
Ireland,IRL,2011,0.69945274703852
Ireland,IRL,2012,0.54860996007662
Ireland,IRL,2013,0.8454827646550099
Ireland,IRL,2014,0.51190734884603
Ireland,IRL,2015,0.43171970826058
Ireland,IRL,2016,0.38146476655427
Ireland,IRL,2017,0.3221247777039
Ireland,IRL,2018,0.09870750314464895
Israel,ISR,1979,0.79071028446761
Israel,ISR,1986,0.67084783443263
Israel,ISR,1992,0.21532727528878
Israel,ISR,1997,0.73515647376593
Israel,ISR,2001,0.48225432269310003
Israel,ISR,2002,1.46880717851622
Israel,ISR,2003,1.49938259883401
Israel,ISR,2004,1.48417652300269
Israel,ISR,2005,1.24751759514468
Israel,ISR,2006,0.99903365805707
Israel,ISR,2007,0.9844680146506299
Israel,ISR,2008,0.9940191159478899
Israel,ISR,2009,1.2475283524245402
Israel,ISR,2010,0.99845644959679
Israel,ISR,2011,0.9768671924749099
Israel,ISR,2012,1.2300255593459999
Israel,ISR,2013,0.99876056309599
Israel,ISR,2014,0.98520066271104
Israel,ISR,2015,0.7489677106442401
Israel,ISR,2016,0.73632254675061
Israel,ISR,2017,0.9807860105123699
Israel,ISR,2018,0.99346438334913
Italy,ITA,1986,0.47771429406073
Italy,ITA,1987,1.70883284703848
Italy,ITA,1989,0.20993563438049997
Italy,ITA,1991,0.24771694316105
Italy,ITA,1993,1.93622792325519
Italy,ITA,1995,0.9691378320888001
Italy,ITA,1998,2.23880631058707
Italy,ITA,2000,1.74531770953664
Italy,ITA,2003,1.08928744526715
Italy,ITA,2004,0.9345546079136899
Italy,ITA,2005,1.0361054690079898
Italy,ITA,2006,0.9405875120018401
Italy,ITA,2007,1.0675250208877198
Italy,ITA,2008,1.03900651174347
Italy,ITA,2009,1.2703972055583501
Italy,ITA,2010,1.59657325338517
Italy,ITA,2011,1.45031220076022
Italy,ITA,2012,1.8004401085489001
Italy,ITA,2013,1.97218776546472
Italy,ITA,2014,1.67452277870744
Italy,ITA,2015,2.5355115866613
Italy,ITA,2016,2.24704479413953
Italy,ITA,2017,1.8176530820281498
Italy,ITA,2018,2.10125633818578
Jamaica,JAM,1988,20.391665039062488
Jamaica,JAM,1990,20.661958177537727
Jamaica,JAM,1993,31.009658203125
Jamaica,JAM,1996,14.30703299215947
Jamaica,JAM,1999,10.1069723914712
Jamaica,JAM,2002,11.29703763299258
Jamaica,JAM,2004,8.82891742803835
Japan,JPN,2008,0.7187239745149999
Japan,JPN,2010,0.24280565026047998
Japan,JPN,2013,0.94340350645419
Jordan,JOR,1986,2.5973730468749903
Jordan,JOR,1992,16.68146972656249
Jordan,JOR,1997,13.386230468749998
Jordan,JOR,2002,8.56724978890111
Jordan,JOR,2006,3.8561100686129204
Jordan,JOR,2008,2.84724576744002
Jordan,JOR,2010,2.0360296527583097
Kazakhstan,KAZ,1993,21.776160647822252
Kazakhstan,KAZ,1996,21.75447441391479
Kazakhstan,KAZ,2001,29.433216989164627
Kazakhstan,KAZ,2002,24.86872444324587
Kazakhstan,KAZ,2003,19.87483075382113
Kazakhstan,KAZ,2004,13.964117955866401
Kazakhstan,KAZ,2005,21.715649992744478
Kazakhstan,KAZ,2006,4.81991796851043
Kazakhstan,KAZ,2007,2.30611289514193
Kazakhstan,KAZ,2008,1.71611366831371
Kazakhstan,KAZ,2009,2.01790397739693
Kazakhstan,KAZ,2010,1.47837463178451
Kazakhstan,KAZ,2011,0.5625870128928799
Kazakhstan,KAZ,2012,0.37136577031754
Kazakhstan,KAZ,2013,0.22636488280560002
Kazakhstan,KAZ,2014,0.21182431146866998
Kazakhstan,KAZ,2015,0.29918805122718
Kazakhstan,KAZ,2016,0.56019906904892
Kazakhstan,KAZ,2017,0.3423658235051
Kazakhstan,KAZ,2018,0.19112767128087
Kenya,KEN,1992,54.430266113281256
Kenya,KEN,1994,60.88014306988296
Kenya,KEN,1997,59.77296570365159
Kenya,KEN,2005,69.63131554713566
Kenya,KEN,2015,66.50182848955282
Kiribati,KIR,2006,34.601452871243936
Kiribati,KIR,2019,16.221936769684632
Kosovo,OWID_KOS,2003,18.43965343545017
Kosovo,OWID_KOS,2005,19.95612295430126
Kosovo,OWID_KOS,2006,19.437038659352098
Kosovo,OWID_KOS,2009,15.89756708798836
Kosovo,OWID_KOS,2010,16.04472606117496
Kosovo,OWID_KOS,2011,11.07919784291219
Kosovo,OWID_KOS,2012,6.3863826168138695
Kosovo,OWID_KOS,2013,3.87093616461771
Kosovo,OWID_KOS,2014,5.617962695716161
Kosovo,OWID_KOS,2015,3.4925569432011296
Kosovo,OWID_KOS,2016,4.1228350932986
Kosovo,OWID_KOS,2017,3.61827720507423
Kyrgyzstan,KGZ,1998,49.42733657591434
Kyrgyzstan,KGZ,2000,72.8106895221702
Kyrgyzstan,KGZ,2001,68.61239340674736
Kyrgyzstan,KGZ,2002,66.97544262425585
Kyrgyzstan,KGZ,2003,64.0877386907479
Kyrgyzstan,KGZ,2004,41.20415416480738
Kyrgyzstan,KGZ,2005,46.49575144912484
Kyrgyzstan,KGZ,2006,34.166712102380906
Kyrgyzstan,KGZ,2007,30.895843045728988
Kyrgyzstan,KGZ,2008,20.11835623944495
Kyrgyzstan,KGZ,2009,15.981577577835429
Kyrgyzstan,KGZ,2010,19.032314711324037
Kyrgyzstan,KGZ,2011,16.541066449067408
Kyrgyzstan,KGZ,2012,17.08976170008756
Kyrgyzstan,KGZ,2013,21.33489749245097
Kyrgyzstan,KGZ,2014,14.91032064546719
Kyrgyzstan,KGZ,2015,18.44333656812816
Kyrgyzstan,KGZ,2016,14.07943889642336
Kyrgyzstan,KGZ,2017,14.7230180983142
Kyrgyzstan,KGZ,2018,10.91286839140764
Kyrgyzstan,KGZ,2019,9.6755246970037
Kyrgyzstan,KGZ,2020,16.21838902304427
Laos,LAO,1992,67.77038236564546
Laos,LAO,1997,81.9595296170533
Laos,LAO,2002,70.94517209407589
Laos,LAO,2007,64.13916177604754
Laos,LAO,2012,46.58334856128515
Laos,LAO,2018,37.43428272286017
Latin America and the Caribbean,,1981,27.90063617334029
Latin America and the Caribbean,,1982,29.119676546463282
Latin America and the Caribbean,,1983,33.215303982736835
Latin America and the Caribbean,,1984,32.86442134999083
Latin America and the Caribbean,,1985,31.10581296366418
Latin America and the Caribbean,,1986,24.77042335299026
Latin America and the Caribbean,,1987,28.11919926471218
Latin America and the Caribbean,,1988,29.00531777989766
Latin America and the Caribbean,,1989,28.00215284082276
Latin America and the Caribbean,,1990,29.69689847527426
Latin America and the Caribbean,,1991,28.497101827166198
Latin America and the Caribbean,,1992,28.5938996713086
Latin America and the Caribbean,,1993,28.68998142116588
Latin America and the Caribbean,,1994,26.906037610124972
Latin America and the Caribbean,,1995,27.4509384885379
Latin America and the Caribbean,,1996,29.334353370077547
Latin America and the Caribbean,,1997,27.90120632779499
Latin America and the Caribbean,,1998,26.57346367751189
Latin America and the Caribbean,,1999,27.19357030635749
Latin America and the Caribbean,,2000,25.185036650894887
Latin America and the Caribbean,,2001,25.042039384886728
Latin America and the Caribbean,,2002,24.75286549155419
Latin America and the Caribbean,,2003,24.13675542754548
Latin America and the Caribbean,,2004,22.35839211013887
Latin America and the Caribbean,,2005,20.77014869293058
Latin America and the Caribbean,,2006,17.83823186061905
Latin America and the Caribbean,,2007,16.734013782524148
Latin America and the Caribbean,,2008,15.76080092341895
Latin America and the Caribbean,,2009,15.03048371810897
Latin America and the Caribbean,,2010,13.720195186226231
Latin America and the Caribbean,,2011,12.658229389533751
Latin America and the Caribbean,,2012,11.82410466697657
Latin America and the Caribbean,,2013,10.944680877832889
Latin America and the Caribbean,,2014,10.50379466723123
Latin America and the Caribbean,,2015,10.24908693317334
Latin America and the Caribbean,,2016,10.41132493008159
Latin America and the Caribbean,,2017,10.05766081633421
Latin America and the Caribbean,,2018,9.924076259831741
Latin America and the Caribbean,,2019,9.912538523011511
Latvia,LVA,1993,2.67060058593749
Latvia,LVA,1995,5.55582548232463
Latvia,LVA,1996,7.031829153669331
Latvia,LVA,1997,8.05775216338769
Latvia,LVA,1998,6.972227290856909
Latvia,LVA,2002,3.42150595425789
Latvia,LVA,2003,2.83554950994591
Latvia,LVA,2004,2.21796401416703
Latvia,LVA,2005,4.82776760544152
Latvia,LVA,2006,2.62819119336954
Latvia,LVA,2007,0.7926570416363601
Latvia,LVA,2008,0.6349328286058
Latvia,LVA,2009,1.3905210577253
Latvia,LVA,2010,3.6438834965768696
Latvia,LVA,2011,2.86419355224176
Latvia,LVA,2012,2.62782890244141
Latvia,LVA,2013,2.40049833298637
Latvia,LVA,2014,1.81784749436332
Latvia,LVA,2015,1.59746873310141
Latvia,LVA,2016,1.3974999415225902
Latvia,LVA,2017,1.50262871058095
Latvia,LVA,2018,0.90930249701166
Latvia,LVA,2019,0.7169805402575801
Lebanon,LBN,2011,0.06112975830665235
Lesotho,LSO,1986,69.116231876867
Lesotho,LSO,1994,64.3960396039604
Lesotho,LSO,2002,80.4224424694098
Lesotho,LSO,2017,49.85909049699109
Liberia,LBR,2007,91.31788120284952
Liberia,LBR,2014,76.41113467437025
Liberia,LBR,2016,75.61307245833254
Lithuania,LTU,1993,29.913369488464507
Lithuania,LTU,1996,4.70539436755107
Lithuania,LTU,1998,3.11289844868393
Lithuania,LTU,1999,4.0419864891632695
Lithuania,LTU,2000,4.5861052245837195
Lithuania,LTU,2001,4.71231536345874
Lithuania,LTU,2002,4.46134484437746
Lithuania,LTU,2003,1.79008114274164
Lithuania,LTU,2004,2.04905831377053
Lithuania,LTU,2005,4.3431282037787104
Lithuania,LTU,2006,2.75848032614141
Lithuania,LTU,2007,1.90320828848308
Lithuania,LTU,2008,1.1123778728493101
Lithuania,LTU,2009,4.28662807815682
Lithuania,LTU,2010,3.09015042778905
Lithuania,LTU,2011,1.51967713078063
Lithuania,LTU,2012,2.0105636085153
Lithuania,LTU,2013,1.96602600420332
Lithuania,LTU,2014,2.6582770802469398
Lithuania,LTU,2015,1.42158676696395
Lithuania,LTU,2016,2.19768919715821
Lithuania,LTU,2017,1.49515142674201
Lithuania,LTU,2018,1.2648389399448698
Lithuania,LTU,2019,0.68857953886289
Luxembourg,LUX,1985,0.2357528211375
Luxembourg,LUX,1991,0
Luxembourg,LUX,1994,0
Luxembourg,LUX,1997,0
Luxembourg,LUX,2000,0
Luxembourg,LUX,2003,0.07909249777229935
Luxembourg,LUX,2004,0.020910731048414122
Luxembourg,LUX,2005,0.09079808091164832
Luxembourg,LUX,2006,0.0037305124757981887
Luxembourg,LUX,2007,0.02191622378447232
Luxembourg,LUX,2008,0
Luxembourg,LUX,2009,0.05948750263900338
Luxembourg,LUX,2010,0.034682355343290484
Luxembourg,LUX,2011,0.13851242288782
Luxembourg,LUX,2012,0.060118274912612214
Luxembourg,LUX,2013,0.08910331031536534
Luxembourg,LUX,2014,0.19842364891126998
Luxembourg,LUX,2015,0.34216179947697
Luxembourg,LUX,2016,0.13262428773042
Luxembourg,LUX,2017,0.38217393293472
Luxembourg,LUX,2018,0.35642383675314
Luxembourg,LUX,2019,0.12050393712956999
Madagascar,MDG,1980,71.0701535544626
Madagascar,MDG,1993,88.64238199162709
Madagascar,MDG,1997,87.17726778483173
Madagascar,MDG,1999,86.18408493361221
Madagascar,MDG,2001,84.64646480119859
Madagascar,MDG,2005,89.16327733505533
Madagascar,MDG,2010,91.2339376539654
Madagascar,MDG,2012,91.51799359905019
Malawi,MWI,1997,84.35032137979947
Malawi,MWI,2004,90.19907789201515
Malawi,MWI,2010,88.61118798876862
Malawi,MWI,2016,89.00585131857125
Malawi,MWI,2019,90.3717212503274
Malaysia,MYS,1984,12.898046874999999
Malaysia,MYS,1987,12.702773437499989
Malaysia,MYS,1989,11.726406249999991
Malaysia,MYS,1992,11.824042968749989
Malaysia,MYS,1995,11.53113281249999
Malaysia,MYS,1997,7.283935546875001
Malaysia,MYS,2003,6.87365962662228
Malaysia,MYS,2006,3.82411997888443
Malaysia,MYS,2008,4.25804561029209
Malaysia,MYS,2011,1.24340873103019
Malaysia,MYS,2013,0.38895111086789996
Malaysia,MYS,2015,0.26382143012685
Maldives,MDV,2002,24.73020903272272
Maldives,MDV,2009,16.60044451641801
Maldives,MDV,2016,0.16677553513311
Maldives,MDV,2019,0
Mali,MLI,1994,93.5355010097028
Mali,MLI,2001,80.87999230265407
Mali,MLI,2006,78.1049042010099
Mali,MLI,2009,79.76905883945109
Mali,MLI,2018,49.50179228319834
Malta,MLT,2006,0.58957606534509
Malta,MLT,2007,0.58291749036206
Malta,MLT,2008,0.22649155933626
Malta,MLT,2009,0.47916298873522
Malta,MLT,2010,0.26640949379212
Malta,MLT,2011,0.38101633562885
Malta,MLT,2012,0.27445750020433
Malta,MLT,2013,0.029666144928083452
Malta,MLT,2014,0.02545476431036057
Malta,MLT,2015,0.09578569489851947
Malta,MLT,2016,0.18186458756458002
Malta,MLT,2017,0.20609968079102
Malta,MLT,2018,0.22272821360338
Malta,MLT,2019,0.43805915418943
Marshall Islands,MHL,2019,5.15244753185226
Mauritania,MRT,1987,65.72419086065561
Mauritania,MRT,1993,69.6493896484375
Mauritania,MRT,1995,49.70221395782442
Mauritania,MRT,2000,47.145761488126745
Mauritania,MRT,2004,46.9698974492964
Mauritania,MRT,2008,34.59512021184003
Mauritania,MRT,2014,24.08419346218271
Mauritius,MUS,2006,3.6188702438150697
Mauritius,MUS,2012,3.18384314826903
Mauritius,MUS,2017,2.2077755319816
Mexico,MEX,1984,25.227428008388507
Mexico,MEX,1989,23.94547094618892
Mexico,MEX,1992,20.45689677728572
Mexico,MEX,1994,20.307812026777338
Mexico,MEX,1996,36.334092526691954
Mexico,MEX,1998,27.590551356249822
Mexico,MEX,2000,20.9977356106385
Mexico,MEX,2002,18.8173035247797
Mexico,MEX,2004,15.82436561466422
Mexico,MEX,2005,15.99113664321842
Mexico,MEX,2006,12.9934532260572
Mexico,MEX,2008,14.364113572367751
Mexico,MEX,2010,12.64201950168925
Mexico,MEX,2012,12.11071988168977
Mexico,MEX,2014,11.83947274813258
Mexico,MEX,2016,10.544340150569049
Mexico,MEX,2018,9.236072401673031
Mexico,MEX,2020,9.82369068732129
Micronesia (country),FSM,2005,24.6425677613865
Micronesia (country),FSM,2013,38.71227867109006
Micronesia (country) - urban,,2000,59.021651121462895
Middle East and North Africa,,1985,30.295771981884002
Middle East and North Africa,,1986,30.72890134067433
Middle East and North Africa,,1987,30.556298517851786
Middle East and North Africa,,1988,30.47242809414285
Middle East and North Africa,,1989,30.69663516655342
Middle East and North Africa,,1990,26.68827146553175
Middle East and North Africa,,1991,30.976002562370958
Middle East and North Africa,,1992,29.657008856941253
Middle East and North Africa,,1993,28.623206333231387
Middle East and North Africa,,1994,28.60189298961398
Middle East and North Africa,,1995,29.52579646986907
Middle East and North Africa,,1996,28.32230189339921
Middle East and North Africa,,1997,26.40340440155104
Middle East and North Africa,,1998,23.201863121194
Middle East and North Africa,,1999,21.47137979015714
Middle East and North Africa,,2000,19.80655538044032
Middle East and North Africa,,2001,19.84422402264176
Middle East and North Africa,,2003,22.58708139388893
Middle East and North Africa,,2004,19.324673273080258
Middle East and North Africa,,2005,18.45179780702157
Middle East and North Africa,,2006,18.06932232624359
Middle East and North Africa,,2007,17.2970523167954
Middle East and North Africa,,2008,16.5606324969919
Middle East and North Africa,,2009,15.566844717367589
Middle East and North Africa,,2010,13.899069461593868
Middle East and North Africa,,2011,13.17507589655037
Middle East and North Africa,,2012,12.60012923177901
Middle East and North Africa,,2013,12.75130668919478
Middle East and North Africa,,2014,13.76307175821157
Middle East and North Africa,,2015,16.09315165261461
Middle East and North Africa,,2016,16.54790271721508
Middle East and North Africa,,2017,17.865617025640958
Middle East and North Africa,,2018,20.03305179275408
Moldova,MDA,1997,42.922482100280426
Moldova,MDA,1998,56.5346640861228
Moldova,MDA,1999,68.99971192127248
Moldova,MDA,2000,68.06131958023349
Moldova,MDA,2001,59.09105254441346
Moldova,MDA,2002,43.45715668928367
Moldova,MDA,2003,31.61780703306486
Moldova,MDA,2004,32.000316427383254
Moldova,MDA,2005,40.273532513986574
Moldova,MDA,2006,12.24945405710853
Moldova,MDA,2007,7.66858572919395
Moldova,MDA,2008,9.017548139110081
Moldova,MDA,2009,7.8910212630893
Moldova,MDA,2010,6.00152675808347
Moldova,MDA,2011,4.1156066002015494
Moldova,MDA,2012,3.0739187469918003
Moldova,MDA,2013,2.13120489547432
Moldova,MDA,2014,1.13765133231709
Moldova,MDA,2015,1.32499714151194
Moldova,MDA,2016,1.2312889715675601
Moldova,MDA,2017,1.04850018500994
Moldova,MDA,2018,0.91815426101867
Moldova,MDA,2019,0.54326794810824
Mongolia,MNG,1995,35.90018515304115
Mongolia,MNG,1998,59.25241988416694
Mongolia,MNG,2002,33.20879581721135
Mongolia,MNG,2007,11.4499532969129
Mongolia,MNG,2010,9.56861657270784
Mongolia,MNG,2011,6.562968262574779
Mongolia,MNG,2012,4.0898278688097
Mongolia,MNG,2014,2.98538141327182
Mongolia,MNG,2016,6.23483834216354
Mongolia,MNG,2018,5.03484888345938
Montenegro,MNE,2005,1.40007828691512
Montenegro,MNE,2006,1.06878891837031
Montenegro,MNE,2007,0.56070187847026
Montenegro,MNE,2008,0.45755853479449005
Montenegro,MNE,2009,0.5897799528709
Montenegro,MNE,2010,0.53105501590572
Montenegro,MNE,2011,1.0287341999718
Montenegro,MNE,2012,2.1355633448013
Montenegro,MNE,2013,2.53440307161115
Montenegro,MNE,2014,0.70166371300462
Montenegro,MNE,2015,8.00571897191701
Montenegro,MNE,2016,6.0179172841939295
Montenegro,MNE,2017,7.192516041154439
Montenegro,MNE,2018,6.361457555376419
Morocco,MAR,1984,31.92064364889942
Morocco,MAR,1990,19.31308060338255
Morocco,MAR,1998,26.7220926734887
Morocco,MAR,2000,26.70690996857556
Morocco,MAR,2006,16.24348606553525
Morocco,MAR,2013,7.33859369421876
Mozambique,MOZ,1996,91.32011285230396
Mozambique,MOZ,2002,92.23557993041351
Mozambique,MOZ,2008,88.91205531369411
Mozambique,MOZ,2014,82.36701306594748
Myanmar,MMR,2015,24.60706484365572
Myanmar,MMR,2017,14.951289302680589
Namibia,NAM,1993,65.59654416570862
Namibia,NAM,2003,57.12718827801938
Namibia,NAM,2009,47.98973438218593
Namibia,NAM,2015,30.26996552309923
Nauru,NRU,2012,13.245308640252789
Nepal,NPL,1984,94.4683833134186
Nepal,NPL,1995,88.68369387943666
Nepal,NPL,2003,77.93282213823514
Nepal,NPL,2010,50.849884721683736
Netherlands,NLD,1983,1.47204002989716
Netherlands,NLD,1987,0.45157698272068
Netherlands,NLD,1990,1.47405090510966
Netherlands,NLD,1993,1.9661377104903701
Netherlands,NLD,1999,0.49250549782518
Netherlands,NLD,2004,0.43039151485475
Netherlands,NLD,2005,0.20954502336063002
Netherlands,NLD,2006,0.11088090492724001
Netherlands,NLD,2007,0.058807765865343246
Netherlands,NLD,2008,0.21176404196743
Netherlands,NLD,2009,0.24315905656922998
Netherlands,NLD,2010,0.11009008950695999
Netherlands,NLD,2011,0.17005346334194
Netherlands,NLD,2012,0.09333851309697204
Netherlands,NLD,2013,0.14793088216016
Netherlands,NLD,2014,0.20964344208202002
Netherlands,NLD,2015,0.13333654844657
Netherlands,NLD,2016,0.15009616105768
Netherlands,NLD,2017,0.29546053133637
Netherlands,NLD,2018,0.1582586805118
Netherlands,NLD,2019,0.10739483249613
Nicaragua,NIC,1993,43.84353830956946
Nicaragua,NIC,1998,39.5290679525515
Nicaragua,NIC,2001,42.49932531026062
Nicaragua,NIC,2005,41.57395341872201
Nicaragua,NIC,2009,22.96057829828447
Nicaragua,NIC,2014,13.123965261022619
Niger,NER,1992,93.98257062731284
Niger,NER,1994,93.992594812088
Niger,NER,2005,90.91581312297245
Niger,NER,2007,90.58635730291726
Niger,NER,2011,83.72382364008357
Niger,NER,2014,77.17042067953359
Niger,NER,2018,75.19836767294736
Nigeria,NGA,1985,80.10857553793426
Nigeria,NGA,1992,78.67658134117028
Nigeria,NGA,1996,83.19715276602798
Nigeria,NGA,2003,81.42473883855558
Nigeria,NGA,2010,72.88477149405857
Nigeria,NGA,2012,72.122887906315
Nigeria,NGA,2015,70.44432131038762
Nigeria,NGA,2018,70.98476114618109
North Macedonia,MKD,1998,9.38499244804244
North Macedonia,MKD,2000,20.20403512974193
North Macedonia,MKD,2002,7.395796300136941
North Macedonia,MKD,2003,8.46838712331901
North Macedonia,MKD,2004,4.42382231642594
North Macedonia,MKD,2005,7.70803779824301
North Macedonia,MKD,2006,9.28172100795851
North Macedonia,MKD,2008,4.58969962441083
North Macedonia,MKD,2009,18.60969170748339
North Macedonia,MKD,2010,17.93393885181217
North Macedonia,MKD,2011,15.50325508504328
North Macedonia,MKD,2012,14.053008108222432
North Macedonia,MKD,2013,12.03667641909462
North Macedonia,MKD,2014,10.50275867430754
North Macedonia,MKD,2015,10.111857202590919
North Macedonia,MKD,2016,9.606400377572399
North Macedonia,MKD,2017,9.0454534784974
North Macedonia,MKD,2018,7.11487162831549
Norway,NOR,1979,0.48479711052961005
Norway,NOR,1986,0.24487593302028
Norway,NOR,1991,0.47524885131178995
Norway,NOR,1995,0.49103453096304
Norway,NOR,2000,0.23508182941055
Norway,NOR,2003,0.23213724600063
Norway,NOR,2004,0.30982239992579
Norway,NOR,2005,0.25251081055717
Norway,NOR,2006,0.25607393299603004
Norway,NOR,2007,0.24771383203203
Norway,NOR,2008,0.29420189995331003
Norway,NOR,2009,0.12978327355066
Norway,NOR,2010,0.15098813799734
Norway,NOR,2011,0.12849998116733
Norway,NOR,2012,0.18101548038308
Norway,NOR,2013,0.18649826744997
Norway,NOR,2014,0.14360043711853
Norway,NOR,2015,0.20736498621793997
Norway,NOR,2016,0.40164096103961
Norway,NOR,2017,0.34529647930424
Norway,NOR,2018,0.29195086079452004
Norway,NOR,2019,0.2376518597868
Pakistan,PAK,1987,88.5118423191725
Pakistan,PAK,1990,87.88181834053154
Pakistan,PAK,1996,65.28564441387302
Pakistan,PAK,1998,68.05631253146964
Pakistan,PAK,2001,73.53805390029396
Pakistan,PAK,2004,60.59241777939325
Pakistan,PAK,2005,60.68798848232502
Pakistan,PAK,2007,55.27602726789701
Pakistan,PAK,2010,47.10336081128888
Pakistan,PAK,2011,46.49566530583027
Pakistan,PAK,2013,39.54370653274234
Pakistan,PAK,2015,35.46044034700384
Pakistan,PAK,2018,34.44734213537466
Palestine,PSE,2004,4.8326876635947205
Palestine,PSE,2005,5.00536648611821
Palestine,PSE,2006,3.90455778189731
Palestine,PSE,2007,7.430960773767881
Palestine,PSE,2009,2.5972750595738803
Palestine,PSE,2010,3.1706710954594595
Palestine,PSE,2011,3.03779259416955
Palestine,PSE,2016,4.53614309299197
Panama,PAN,1979,20.943297562225162
Panama,PAN,1989,34.37678650999586
Panama,PAN,1991,31.343883574190922
Panama,PAN,1995,24.70031258156405
Panama,PAN,1997,23.334672176066178
Panama,PAN,1998,23.94888326135306
Panama,PAN,1999,21.23597630537033
Panama,PAN,2000,19.98544744354129
Panama,PAN,2001,24.82064268645712
Panama,PAN,2002,21.54938265613332
Panama,PAN,2003,20.59664284417883
Panama,PAN,2004,19.68989927335599
Panama,PAN,2005,18.61777649663737
Panama,PAN,2006,18.9506682208923
Panama,PAN,2007,16.540776589840338
Panama,PAN,2008,11.80122584591764
Panama,PAN,2009,9.46068791975498
Panama,PAN,2010,10.71329707808882
Panama,PAN,2011,8.63181568387091
Panama,PAN,2012,9.96656858145665
Panama,PAN,2013,8.083260916593279
Panama,PAN,2014,8.34810504253864
Panama,PAN,2015,6.72681781154328
Panama,PAN,2016,7.036956650225259
Panama,PAN,2017,6.29796552574554
Panama,PAN,2018,5.2139323538184295
Panama,PAN,2019,4.57842679003207
Papua New Guinea,PNG,1996,73.59605870948968
Papua New Guinea,PNG,2009,65.59041440322574
Paraguay,PRY,1990,4.2183994016454704
Paraguay,PRY,1995,22.7164645125393
Paraguay,PRY,1997,19.20030921093086
Paraguay,PRY,1999,19.33981224768439
Paraguay,PRY,2001,17.6082173215042
Paraguay,PRY,2002,25.87271111778498
Paraguay,PRY,2003,18.67577136523077
Paraguay,PRY,2004,16.21824574590219
Paraguay,PRY,2005,13.8464795661247
Paraguay,PRY,2006,18.664680783186398
Paraguay,PRY,2007,16.00219157476773
Paraguay,PRY,2008,13.27915704170301
Paraguay,PRY,2009,13.358478011308511
Paraguay,PRY,2010,12.67393167172051
Paraguay,PRY,2011,12.30412992298407
Paraguay,PRY,2012,9.12521557413458
Paraguay,PRY,2013,6.28571295011503
Paraguay,PRY,2014,6.78846019712309
Paraguay,PRY,2015,6.5766016331389805
Paraguay,PRY,2016,6.655976302118311
Paraguay,PRY,2017,4.7615505593990495
Paraguay,PRY,2018,5.36863127559229
Paraguay,PRY,2019,4.54772831354575
Paraguay,PRY,2020,4.7014319126155
Peru,PER,1985,9.24004017408771
Peru,PER,1994,32.494681127264066
Peru,PER,1997,31.976489678248022
Peru,PER,1998,31.112895910792947
Peru,PER,1999,31.69740016500758
Peru,PER,2000,30.84926126584573
Peru,PER,2001,33.05830336104612
Peru,PER,2002,29.665503286159577
Peru,PER,2003,28.0056750262292
Peru,PER,2004,28.575524710533077
Peru,PER,2005,30.925156280645076
Peru,PER,2006,26.938271316578472
Peru,PER,2007,23.176772346979078
Peru,PER,2008,19.54954589041703
Peru,PER,2009,17.30190191682763
Peru,PER,2010,14.89523049560095
Peru,PER,2011,13.343601233080099
Peru,PER,2012,12.32591960278573
Peru,PER,2013,11.48146207054797
Peru,PER,2014,10.69732794594479
Peru,PER,2015,10.43342018210954
Peru,PER,2016,10.08742201349842
Peru,PER,2017,9.85349524054087
Peru,PER,2018,8.45333233685928
Peru,PER,2019,7.52416612307739
Peru,PER,2020,14.085084425866079
Philippines,PHL,1985,57.312093541854495
Philippines,PHL,1988,55.0541038084858
Philippines,PHL,1991,53.40530410290615
Philippines,PHL,1994,51.54016815612288
Philippines,PHL,1997,43.01371465387291
Philippines,PHL,2000,42.801425005183205
Philippines,PHL,2003,39.709549704172744
Philippines,PHL,2006,41.34155337607686
Philippines,PHL,2009,36.954130793377956
Philippines,PHL,2012,38.350187196634
Philippines,PHL,2015,31.938287317127152
Philippines,PHL,2018,25.452583960250557
Poland,POL,1985,0.54089965820312
Poland,POL,1986,1.48533671770566
Poland,POL,1987,0.45546752929687
Poland,POL,1989,0.21137573242187
Poland,POL,1992,0.74819552718286
Poland,POL,1993,2.99402221679687
Poland,POL,1995,4.74583725185434
Poland,POL,1996,19.439707031249988
Poland,POL,1998,0.82347016119806
Poland,POL,1999,0.91287903892566
Poland,POL,2000,1.17691838987529
Poland,POL,2001,1.31927640239366
Poland,POL,2002,1.4946383752641301
Poland,POL,2003,0.9790472935159901
Poland,POL,2004,1.2066035349556101
Poland,POL,2005,1.46544373062513
Poland,POL,2006,0.75512951590699
Poland,POL,2007,0.52462657895709
Poland,POL,2008,0.39869434922442
Poland,POL,2009,0.30011082857855
Poland,POL,2010,0.34129924652161003
Poland,POL,2011,0.37554973016382
Poland,POL,2012,0.26298047957569
Poland,POL,2013,0.26161723531091
Poland,POL,2014,0.31686628674788997
Poland,POL,2015,0.20198632836133001
Poland,POL,2016,0.06165282378629501
Poland,POL,2017,0.07319244488064816
Poland,POL,2018,0.03640967629815581
Poland,POL,2019,0.0433700487911315
Portugal,PRT,2003,1.52554795797468
Portugal,PRT,2004,1.03006222368122
Portugal,PRT,2005,1.06462349900905
Portugal,PRT,2006,0.5251278246107
Portugal,PRT,2007,0.83485743671019
Portugal,PRT,2008,0.8581467420864699
Portugal,PRT,2009,0.40087433154349
Portugal,PRT,2010,0.42593803776199995
Portugal,PRT,2011,0.93249727887775
Portugal,PRT,2012,1.47333672201955
Portugal,PRT,2013,1.6269927947967298
Portugal,PRT,2014,1.43726883224914
Portugal,PRT,2015,1.10563683451091
Portugal,PRT,2016,0.6696742800204101
Portugal,PRT,2017,0.67888300977904
Portugal,PRT,2018,0.65850672860897
Portugal,PRT,2019,0.24737049766364
Romania,ROU,1989,0.56530883789062
Romania,ROU,1992,2.00545043945312
Romania,ROU,1994,34.524580078125
Romania,ROU,1995,7.7436328953153
Romania,ROU,1997,8.995045661664019
Romania,ROU,1998,8.927387625404199
Romania,ROU,1999,22.25668137625862
Romania,ROU,2000,24.61269613934578
Romania,ROU,2001,19.290265512421538
Romania,ROU,2002,18.85033584756752
Romania,ROU,2003,15.52234570610421
Romania,ROU,2004,12.40247137035509
Romania,ROU,2005,9.65842554246081
Romania,ROU,2006,9.748359065210629
Romania,ROU,2007,7.279841739831721
Romania,ROU,2008,3.93290229632765
Romania,ROU,2009,3.01343781273989
Romania,ROU,2010,3.8098782681795598
Romania,ROU,2011,3.4790118341865304
Romania,ROU,2012,3.23981700800516
Romania,ROU,2013,3.26398017681971
Romania,ROU,2014,12.630255584064958
Romania,ROU,2015,10.96405257611719
Romania,ROU,2016,2.01029207308605
Romania,ROU,2017,6.29186904016372
Romania,ROU,2018,0.9010650357217801
Romania,ROU,2019,4.0776799930105
Russia,RUS,1993,13.17114848716785
Russia,RUS,1996,13.58349419020838
Russia,RUS,1997,7.56058355576142
Russia,RUS,1998,10.27210228678567
Russia,RUS,1999,16.81512176239519
Russia,RUS,2000,13.054431097709502
Russia,RUS,2001,8.94009793592615
Russia,RUS,2002,6.64336377474049
Russia,RUS,2003,6.56623884265631
Russia,RUS,2004,5.61401808225035
Russia,RUS,2005,4.48078110034882
Russia,RUS,2006,3.2700012976526702
Russia,RUS,2007,2.03778575156637
Russia,RUS,2008,0.9044456195310699
Russia,RUS,2009,0.86496793967533
Russia,RUS,2010,0.7565810978007199
Russia,RUS,2011,0.53641501649951
Russia,RUS,2012,0.52473732027024
Russia,RUS,2013,0.42760541882765996
Russia,RUS,2014,0.32954659028406
Russia,RUS,2015,0.41885839892001003
Russia,RUS,2016,0.36774855861171
Russia,RUS,2017,0.40672085471594005
Russia,RUS,2018,0.35032670328552
Russia,RUS,2019,0.27120089837587
Russia,RUS,2020,0.29775533846482
Rwanda,RWA,2000,90.64397732838412
Rwanda,RWA,2005,85.63271703163059
Rwanda,RWA,2010,83.97480054053254
Rwanda,RWA,2013,81.89234871632307
Rwanda,RWA,2016,80.25540923057211
Rwanda - rural,,1984,90.17580286547759
Saint Lucia,LCA,1995,62.177140069296655
Saint Lucia,LCA,2016,10.20535558018785
Samoa,WSM,2002,11.866350485530699
Samoa,WSM,2008,9.609319939231261
Samoa,WSM,2013,9.634196188094581
Sao Tome and Principe,STP,2000,66.40638992846166
Sao Tome and Principe,STP,2010,71.98397156830913
Sao Tome and Principe,STP,2017,56.965939349083186
Senegal,SEN,1991,84.54220443787645
Senegal,SEN,1994,83.33405738998715
Senegal,SEN,2001,77.00354464298599
Senegal,SEN,2005,67.74398727816535
Senegal,SEN,2011,68.40826130676591
Senegal,SEN,2018,34.02857113232709
Serbia,SRB,2002,1.05806534662004
Serbia,SRB,2003,1.75096382501951
Serbia,SRB,2004,2.89482961087091
Serbia,SRB,2005,3.61262044275988
Serbia,SRB,2006,1.8405689246083399
Serbia,SRB,2007,1.3126709669143402
Serbia,SRB,2008,0.89833361500885
Serbia,SRB,2009,1.44505337142096
Serbia,SRB,2010,1.96881765151255
Serbia,SRB,2012,9.97073700055771
Serbia,SRB,2013,1.43607045023463
Serbia,SRB,2014,12.213437230764999
Serbia,SRB,2015,0.8643847208810699
Serbia,SRB,2016,10.89305174344034
Serbia,SRB,2017,8.94315278640544
Serbia,SRB,2018,0.68156658873912
Serbia,SRB,2019,1.09943717901864
Seychelles,SYC,1999,3.00272975432211
Seychelles,SYC,2006,2.03227936414337
Seychelles,SYC,2013,3.1321563796298197
Seychelles,SYC,2018,1.06679293811132
Sierra Leone,SLE,1989,86.14389282226563
Sierra Leone,SLE,2003,88.84762694433213
Sierra Leone,SLE,2011,82.56084099949793
Sierra Leone,SLE,2018,75.96447372796233
Slovakia,SVK,1992,0
Slovakia,SVK,1996,2.24527193559053
Slovakia,SVK,2004,0.47799073930687996
Slovakia,SVK,2005,0.23702541413195
Slovakia,SVK,2006,0.0422088537929748
Slovakia,SVK,2007,0.05850335830120858
Slovakia,SVK,2008,0.056348336322683386
Slovakia,SVK,2009,0
Slovakia,SVK,2010,0.81417912875297
Slovakia,SVK,2011,0.7165447588041299
Slovakia,SVK,2012,0.74478142492324
Slovakia,SVK,2013,0.77893454099602
Slovakia,SVK,2014,1.16752667253539
Slovakia,SVK,2015,0.99854250715136
Slovakia,SVK,2016,1.7731368885469698
Slovakia,SVK,2017,0.92878100762808
Slovakia,SVK,2018,0.99892056363769
Slovakia,SVK,2019,0.39920665169764996
Slovenia,SVN,1987,0.028306884765625002
Slovenia,SVN,1993,0.10153442382812
Slovenia,SVN,1997,0.23149629697059998
Slovenia,SVN,1998,0.06492065429687499
Slovenia,SVN,1999,0.24720712466508002
Slovenia,SVN,2002,0.1342941677001
Slovenia,SVN,2003,0
Slovenia,SVN,2004,0.16416065562243
Slovenia,SVN,2005,0.17555496808336
Slovenia,SVN,2006,0.09348192162757143
Slovenia,SVN,2007,0.083750146325898
Slovenia,SVN,2008,0
Slovenia,SVN,2009,0.0160372448133691
Slovenia,SVN,2010,0.00915774460743537
Slovenia,SVN,2011,0.02258039513198088
Slovenia,SVN,2012,0.046757097493389306
Slovenia,SVN,2013,0.050695457826507646
Slovenia,SVN,2014,0.047430343087573386
Slovenia,SVN,2015,0.004852958142730497
Slovenia,SVN,2016,0
Slovenia,SVN,2017,0
Slovenia,SVN,2018,0
Slovenia,SVN,2019,0.01559867396216485
Solomon Islands,SLB,2005,72.99160435731783
Solomon Islands,SLB,2012,58.07591066481398
Somalia,SOM,2017,88.937340714384
South Africa,ZAF,1993,49.852347442379816
South Africa,ZAF,2000,53.164660683795375
South Africa,ZAF,2005,48.3551898882791
South Africa,ZAF,2008,36.79959240021417
South Africa,ZAF,2010,35.575055894797345
South Africa,ZAF,2014,37.30822494189193
South Asia,,1981,86.93889414348969
South Asia,,1982,86.86989889298012
South Asia,,1983,86.0942092921626
South Asia,,1984,85.27785713388249
South Asia,,1985,84.55514443876017
South Asia,,1986,84.19644263187091
South Asia,,1987,83.91194148070063
South Asia,,1988,83.30943660051996
South Asia,,1989,82.98812740212765
South Asia,,1990,82.85812462326383
South Asia,,1991,82.53943770514867
South Asia,,1992,81.59509140935367
South Asia,,1993,80.86349900614329
South Asia,,1994,80.46115547193754
South Asia,,1995,79.20649655230952
South Asia,,1996,78.25911588411924
South Asia,,2002,76.31779787561068
South Asia,,2003,75.33689034049466
South Asia,,2004,73.77564607145484
South Asia,,2005,72.4107954041422
South Asia,,2006,71.35508670898673
South Asia,,2007,69.85803969622508
South Asia,,2008,68.83608251810422
South Asia,,2009,67.76963869023133
South Asia,,2010,65.05858937019136
South Asia,,2011,60.582115097591746
South Asia,,2012,58.61141839517875
South Asia,,2013,57.96330053293338
South Asia,,2014,57.324684689566105
South Asia,,2015,56.32734065683923
South Asia,,2016,54.89787789693351
South Asia,,2017,50.76270783053401
South Asia,,2018,44.69744803073839
South Asia,,2019,41.10094937128156
South Korea,KOR,2006,0.49220113676370003
South Korea,KOR,2008,0.47553790953162994
South Korea,KOR,2010,0.74790551774121
South Korea,KOR,2012,0.49695614851589
South Korea,KOR,2014,0.49823162661677006
South Korea,KOR,2016,0.22666514266768
South Sudan,SSD,2009,67.13300302194762
South Sudan,SSD,2016,91.68675007564664
Spain,ESP,1980,1.7409840514175798
Spain,ESP,1985,1.4462977181234
Spain,ESP,1990,0.9928072681314
Spain,ESP,1995,1.7482043694454799
Spain,ESP,2000,0.7301225765842501
Spain,ESP,2003,1.19671436352531
Spain,ESP,2004,1.28248411377863
Spain,ESP,2005,1.09289062658191
Spain,ESP,2006,1.13292991705969
Spain,ESP,2007,0.7047588369976501
Spain,ESP,2008,0.90325393335774
Spain,ESP,2009,1.09458280121848
Spain,ESP,2010,1.0657328423147399
Spain,ESP,2011,1.65495260641313
Spain,ESP,2012,1.6009611108424902
Spain,ESP,2013,1.73688355306707
Spain,ESP,2014,1.49427518681776
Spain,ESP,2015,1.51482488690866
Spain,ESP,2016,1.69767605801675
Spain,ESP,2017,1.11098785629137
Spain,ESP,2018,1.2816715218147499
Spain,ESP,2019,1.19571129353198
Sri Lanka,LKA,1985,46.79770298372008
Sri Lanka,LKA,1990,44.48369478981958
Sri Lanka,LKA,1995,42.718998393277005
Sri Lanka,LKA,2002,37.76703194573885
Sri Lanka,LKA,2006,25.70826544987201
Sri Lanka,LKA,2009,19.90522542704263
Sri Lanka,LKA,2012,16.21253913597128
Sri Lanka,LKA,2016,10.99986217344347
Sub-Saharan Africa,,1990,75.47864847390701
Sub-Saharan Africa,,1991,76.52633381461419
Sub-Saharan Africa,,1992,77.57719923275702
Sub-Saharan Africa,,1993,78.79593736860974
Sub-Saharan Africa,,1994,79.12525490726622
Sub-Saharan Africa,,1995,78.66593163968821
Sub-Saharan Africa,,1996,78.10086834947857
Sub-Saharan Africa,,1997,78.09341062551017
Sub-Saharan Africa,,1998,78.30129780219401
Sub-Saharan Africa,,1999,78.49691110004929
Sub-Saharan Africa,,2000,78.4682075296883
Sub-Saharan Africa,,2001,78.16047038456968
Sub-Saharan Africa,,2002,77.77844642366625
Sub-Saharan Africa,,2003,77.60993814274417
Sub-Saharan Africa,,2004,76.19314911942469
Sub-Saharan Africa,,2005,75.04847502807536
Sub-Saharan Africa,,2006,73.9497661623869
Sub-Saharan Africa,,2007,73.16607625531
Sub-Saharan Africa,,2008,72.28128236340034
Sub-Saharan Africa,,2009,72.07055419837481
Sub-Saharan Africa,,2010,70.75830081668819
Sub-Saharan Africa,,2011,70.08244308561764
Sub-Saharan Africa,,2012,69.6716153840902
Sub-Saharan Africa,,2013,68.89795606459234
Sub-Saharan Africa,,2014,67.90630727008207
Sub-Saharan Africa,,2015,67.78547749624445
Sub-Saharan Africa,,2016,67.28935523402966
Sub-Saharan Africa,,2017,66.39391418394315
Sub-Saharan Africa,,2018,65.36960606825211
Sub-Saharan Africa,,2019,64.7017022279373
Sudan,SDN,2009,42.06603893285427
Sudan,SDN,2014,43.98286486414303
Suriname - urban,,1999,34.238488783943325
Sweden,SWE,1967,8.990057810582181
Sweden,SWE,1975,0.49898670832826997
Sweden,SWE,1981,0.49886723706081004
Sweden,SWE,1987,0.24625529800218002
Sweden,SWE,1992,0.24351319919036002
Sweden,SWE,1995,0.49998958089422
Sweden,SWE,2000,0
Sweden,SWE,2003,0.42486418369104006
Sweden,SWE,2004,0.5212593528899501
Sweden,SWE,2005,1.19538685231752
Sweden,SWE,2006,0.4667007306668
Sweden,SWE,2007,0.49847672633196993
Sweden,SWE,2008,0.7242235978182301
Sweden,SWE,2009,0.62132840021697
Sweden,SWE,2010,0.67652206666667
Sweden,SWE,2011,0.7587117686096
Sweden,SWE,2012,0.53552979090701
Sweden,SWE,2013,0.75342010898054
Sweden,SWE,2014,0.62586479574411
Sweden,SWE,2015,0.80864613734444
Sweden,SWE,2016,0.46426371272805
Sweden,SWE,2017,0.26549559713099
Sweden,SWE,2018,0.8828855313631401
Sweden,SWE,2019,0.37798015055476003
Switzerland,CHE,1982,0.69740707458248
Switzerland,CHE,1992,0.72597610241774
Switzerland,CHE,2000,0.2408946309172
Switzerland,CHE,2002,0
Switzerland,CHE,2006,0.10509895178257
Switzerland,CHE,2007,0.08508031458174325
Switzerland,CHE,2008,0.14588613522034
Switzerland,CHE,2009,0.12431275846015
Switzerland,CHE,2010,0.10978766759894001
Switzerland,CHE,2011,0.01051437408219207
Switzerland,CHE,2012,0.008965495321666178
Switzerland,CHE,2013,0.04816824282158794
Switzerland,CHE,2014,0.03276806390788568
Switzerland,CHE,2015,0.03054255627591049
Switzerland,CHE,2016,0.0508025100096081
Switzerland,CHE,2017,0.021825939023394907
Switzerland,CHE,2018,0.039577038444187695
Syria,SYR,1996,16.78838594494704
Syria,SYR,2003,10.21662358046348
Taiwan,TWN,1981,0.23778321161544003
Taiwan,TWN,1986,0.24571472070471
Taiwan,TWN,1991,0
Taiwan,TWN,1995,0.49881067361599
Taiwan,TWN,1997,0
Taiwan,TWN,2000,0
Taiwan,TWN,2005,0
Taiwan,TWN,2007,0
Taiwan,TWN,2010,0.24100541033166
Taiwan,TWN,2013,0.24921232522562
Taiwan,TWN,2016,0
Tajikistan,TJK,1999,84.98291085160923
Tajikistan,TJK,2003,63.25428951535959
Tajikistan,TJK,2004,45.05139643786285
Tajikistan,TJK,2007,31.14963433028841
Tajikistan,TJK,2009,22.44892315959407
Tajikistan,TJK,2015,17.789853218857022
Tanzania,TZA,1991,91.43661599920998
Tanzania,TZA,2000,96.30606729889864
Tanzania,TZA,2007,83.79025183012159
Tanzania,TZA,2011,79.46117231468523
Tanzania,TZA,2018,76.79543497099492
Thailand,THA,1981,42.805356298418765
Thailand,THA,1988,39.610884600636595
Thailand,THA,1990,35.9181147860769
Thailand,THA,1992,28.76422741465494
Thailand,THA,1994,19.16149274987789
Thailand,THA,1996,14.98803011684789
Thailand,THA,1998,14.32712765340573
Thailand,THA,1999,18.06159731312989
Thailand,THA,2000,18.2836849264994
Thailand,THA,2002,11.8048163180316
Thailand,THA,2004,8.73212233996751
Thailand,THA,2006,6.06384994755583
Thailand,THA,2007,4.2810801153970495
Thailand,THA,2008,3.35865356071169
Thailand,THA,2009,2.92072794136954
Thailand,THA,2010,2.38254190925041
Thailand,THA,2011,1.31458855429017
Thailand,THA,2012,1.41101631793187
Thailand,THA,2013,1.0811415414174101
Thailand,THA,2014,0.86438421105081
Thailand,THA,2015,0.47649780240272
Thailand,THA,2016,0.55312093748078
Thailand,THA,2017,0.44210058005665
Thailand,THA,2018,0.52776950476853
Thailand,THA,2019,0.34868108948786
Thailand,THA,2020,0.3457400228877
Timor,TLS,2001,69.85917677325236
Timor,TLS,2007,77.33789738146329
Timor,TLS,2014,65.87726106816491
Togo,TGO,2006,78.34967739873792
Togo,TGO,2011,75.9220200144
Togo,TGO,2015,74.20714571699834
Togo,TGO,2018,51.8256757414254
Tonga,TON,2000,7.85536788648218
Tonga,TON,2009,8.85940026018666
Tonga,TON,2015,7.48875850573651
Trinidad and Tobago,TTO,1988,7.887712475879841
Trinidad and Tobago,TTO,1992,12.507499999999999
Tunisia,TUN,1985,37.941865234375
Tunisia,TUN,1990,30.521474609374998
Tunisia,TUN,1995,31.705319824218748
Tunisia,TUN,2000,22.91801513671874
Tunisia,TUN,2005,15.21424700044631
Tunisia,TUN,2010,9.1867173261261
Tunisia,TUN,2015,3.03197492578486
Turkey,TUR,1987,13.19095703125
Turkey,TUR,1994,14.240551757812488
Turkey,TUR,2002,12.0251561280712
Turkey,TUR,2003,14.45194758484086
Turkey,TUR,2004,9.69252917257513
Turkey,TUR,2005,9.42760301422097
Turkey,TUR,2006,7.865905218522121
Turkey,TUR,2007,6.363342830948141
Turkey,TUR,2008,5.45469006598641
Turkey,TUR,2009,4.64052845204587
Turkey,TUR,2010,4.27915568843961
Turkey,TUR,2011,4.02442805363475
Turkey,TUR,2012,3.1488381702124904
Turkey,TUR,2013,2.68746119251219
Turkey,TUR,2014,2.0927474308202
Turkey,TUR,2015,2.38258723987512
Turkey,TUR,2016,1.61163634886125
Turkey,TUR,2017,1.47578250464909
Turkey,TUR,2018,1.36766656293932
Turkey,TUR,2019,2.18100678874457
Turkmenistan,TKM,1998,75.38753298153034
Tuvalu,TUV,2010,17.57888975547415
Uganda,UGA,1989,80.9667459731519
Uganda,UGA,1992,87.15634776632199
Uganda,UGA,1996,86.20048139698217
Uganda,UGA,1999,87.4175372837428
Uganda,UGA,2002,85.23046987043506
Uganda,UGA,2005,80.24647614975595
Uganda,UGA,2009,73.49180979550242
Uganda,UGA,2012,67.34903448512016
Uganda,UGA,2016,69.64869705644983
Uganda,UGA,2019,70.5287465184295
Ukraine,UKR,1992,11.58243640832743
Ukraine,UKR,1993,8.01728092980578
Ukraine,UKR,1995,18.707431640625
Ukraine,UKR,1996,20.81917367197281
Ukraine,UKR,1999,34.1828515625
Ukraine,UKR,2002,10.27694155723423
Ukraine,UKR,2003,6.0249704873562395
Ukraine,UKR,2004,4.82185664033749
Ukraine,UKR,2005,2.23897604915522
Ukraine,UKR,2006,1.37748626850156
Ukraine,UKR,2007,0.93147118952547
Ukraine,UKR,2008,0.34197223299053003
Ukraine,UKR,2009,0.5482499994263901
Ukraine,UKR,2010,0.24261405545285003
Ukraine,UKR,2011,0.16900210616603
Ukraine,UKR,2012,0.18447817381063
Ukraine,UKR,2013,0.08037259154857718
Ukraine,UKR,2014,0.11644046429831001
Ukraine,UKR,2015,0.48358597648380997
Ukraine,UKR,2016,0.42995877926863996
Ukraine,UKR,2017,0.25356915787007
Ukraine,UKR,2018,0.35771734729003
Ukraine,UKR,2019,0.24481019154314
Ukraine,UKR,2020,0.07911164607702863
United Arab Emirates,ARE,2013,0
United Kingdom,GBR,1969,0.49688937848992
United Kingdom,GBR,1974,0.23726668508982
United Kingdom,GBR,1979,0.49813882253737
United Kingdom,GBR,1986,1.2355893789530301
United Kingdom,GBR,1991,0.49869967342498
United Kingdom,GBR,1994,0.49841750546005
United Kingdom,GBR,1995,0.49015108184712003
United Kingdom,GBR,1996,0.24636719502888002
United Kingdom,GBR,1997,0.24725113229235002
United Kingdom,GBR,1998,0.24555744163816998
United Kingdom,GBR,1999,0.24853189048256003
United Kingdom,GBR,2000,0.24815137698065
United Kingdom,GBR,2001,0.49831175784061005
United Kingdom,GBR,2002,0.24294824556936
United Kingdom,GBR,2003,0.24797288287337002
United Kingdom,GBR,2004,0.59653326611086
United Kingdom,GBR,2005,0.7526791591619499
United Kingdom,GBR,2006,0.37337366975496
United Kingdom,GBR,2007,0.5240950338620299
United Kingdom,GBR,2008,0.5287015537935
United Kingdom,GBR,2009,0.26963902258719996
United Kingdom,GBR,2010,0.32184929854589
United Kingdom,GBR,2011,0.49605496037783
United Kingdom,GBR,2012,0.2477914656806
United Kingdom,GBR,2013,0.22752816736745
United Kingdom,GBR,2014,0.29492855555353
United Kingdom,GBR,2015,0.31634995510633
United Kingdom,GBR,2016,0.33423702641075
United Kingdom,GBR,2017,0.46788053669281005
United States,USA,1974,0.9999719391676101
United States,USA,1979,0.7496228796176501
United States,USA,1986,0.74940981101652
United States,USA,1991,0.74914534706547
United States,USA,1992,0.74992848742644
United States,USA,1993,0.7483688144409499
United States,USA,1994,0.74711951998599
United States,USA,1995,0.74773493015659
United States,USA,1996,0.74854541014724
United States,USA,1997,0.74906164511818
United States,USA,1998,0.99963089355907
United States,USA,1999,0.7480562125012701
United States,USA,2000,0.7495953662845
United States,USA,2001,0.99827526105788
United States,USA,2002,0.99950919319228
United States,USA,2003,1.24928376731808
United States,USA,2004,1.24942982987616
United States,USA,2005,1.24829673977599
United States,USA,2006,1.24873032803115
United States,USA,2007,1.2498088997255499
United States,USA,2008,1.24967453257101
United States,USA,2009,0.9993860187545001
United States,USA,2010,1.2480615398358799
United States,USA,2011,1.24940191137524
United States,USA,2012,1.24787789017428
United States,USA,2013,1.24782875444336
United States,USA,2014,1.4992764484293601
United States,USA,2015,1.24918810472736
United States,USA,2016,1.2479337975547
United States,USA,2017,1.49968319892847
United States,USA,2018,1.24953850204084
United States,USA,2019,0.9991705215858601
Uruguay,URY,2006,3.66414103153539
Uruguay,URY,2007,2.97328252806584
Uruguay,URY,2008,1.8454886335834702
Uruguay,URY,2009,1.8151275740969999
Uruguay,URY,2010,1.32064516033223
Uruguay,URY,2011,1.0171258509462802
Uruguay,URY,2012,1.11376256294651
Uruguay,URY,2013,0.85029622455786
Uruguay,URY,2014,0.66375147860716
Uruguay,URY,2015,0.66634449629624
Uruguay,URY,2016,0.5698185103459801
Uruguay,URY,2017,0.36812384263335
Uruguay,URY,2018,0.37400643843298004
Uruguay,URY,2019,0.45244340192627996
Uruguay,URY,2020,0.6609017141047401
Uruguay - urban,,1981,3.4261519972363903
Uruguay - urban,,1989,2.83507478764293
Uruguay - urban,,1992,2.27928396079344
Uruguay - urban,,1995,2.0545568126605103
Uruguay - urban,,1996,2.34110842215471
Uruguay - urban,,1997,2.12513335857108
Uruguay - urban,,1998,2.10679577973441
Uruguay - urban,,2000,2.09679631642365
Uruguay - urban,,2001,2.47579864074444
Uruguay - urban,,2002,3.28914993253432
Uruguay - urban,,2003,4.41879103929738
Uruguay - urban,,2004,5.77222183875873
Uruguay - urban,,2005,4.7205530552366
Uzbekistan,UZB,1998,65.32951449508802
Uzbekistan,UZB,2000,86.51748613485464
Uzbekistan,UZB,2002,85.61918943755367
Uzbekistan,UZB,2003,86.19780516573088
Vanuatu,VUT,2010,39.38695598499467
Vanuatu,VUT,2019,32.30326751375886
Venezuela,VEN,1981,17.35041503908196
Venezuela,VEN,1987,18.961653744483158
Venezuela,VEN,1989,11.10056213809718
Venezuela,VEN,1992,10.66105963864084
Venezuela,VEN,1995,21.931060603991682
Venezuela,VEN,1998,21.64002990435632
Venezuela,VEN,1999,24.65869738901755
Venezuela,VEN,2001,22.07439493100657
Venezuela,VEN,2002,30.895882040176332
Venezuela,VEN,2003,36.38756087557939
Venezuela,VEN,2004,30.67023268442301
Venezuela,VEN,2005,24.37665543652191
Venezuela,VEN,2006,14.343977970470052
Vietnam,VNM,1992,79.67616091278997
Vietnam,VNM,1997,68.66632741758961
Vietnam,VNM,2002,70.09274914453393
Vietnam,VNM,2004,59.30513706348657
Vietnam,VNM,2006,50.58558999429812
Vietnam,VNM,2008,45.94330327846715
Vietnam,VNM,2010,16.84219763231293
Vietnam,VNM,2012,12.9720380852247
Vietnam,VNM,2014,11.03049092625305
Vietnam,VNM,2016,7.81610161077045
Vietnam,VNM,2018,6.62389494676585
World,OWID_WRL,1981,57.30101088715956
World,OWID_WRL,1982,57.42460102390948
World,OWID_WRL,1983,57.59263196202695
World,OWID_WRL,1984,57.22224217616937
World,OWID_WRL,1985,56.63151503629285
World,OWID_WRL,1986,55.80576465906461
World,OWID_WRL,1987,55.5596742423207
World,OWID_WRL,1988,54.75735520715026
World,OWID_WRL,1989,55.61106042914504
World,OWID_WRL,1990,55.422480550463426
World,OWID_WRL,1991,55.40617362422915
World,OWID_WRL,1992,55.02876944847051
World,OWID_WRL,1993,54.59945772798833
World,OWID_WRL,1994,53.952063320426426
World,OWID_WRL,1995,52.777540376374866
World,OWID_WRL,1996,51.86829905100306
World,OWID_WRL,1997,51.283808931856676
World,OWID_WRL,1998,51.123730183576996
World,OWID_WRL,1999,50.7548741397439
World,OWID_WRL,2000,49.48171213035823
World,OWID_WRL,2001,48.63623159784135
World,OWID_WRL,2002,47.16668755768861
World,OWID_WRL,2003,46.174641428032295
World,OWID_WRL,2004,44.241545712123894
World,OWID_WRL,2005,42.18333520453012
World,OWID_WRL,2006,41.049193441290946
World,OWID_WRL,2007,39.39830758571597
World,OWID_WRL,2008,38.37153391529457
World,OWID_WRL,2009,37.26069917175012
World,OWID_WRL,2010,35.19954619673164
World,OWID_WRL,2011,32.88188368349196
World,OWID_WRL,2012,31.59775458248555
World,OWID_WRL,2013,29.63088204887061
World,OWID_WRL,2014,28.83192469138937
World,OWID_WRL,2015,28.06104912167916
World,OWID_WRL,2016,27.33232125445812
World,OWID_WRL,2017,26.03903742427795
World,OWID_WRL,2018,24.20573401470264
World,OWID_WRL,2019,23.00332136021828
Yemen,YEM,1998,26.85120834199825
Yemen,YEM,2005,37.66863696214695
Yemen,YEM,2014,51.20071698016429
Zambia,ZMB,1991,70.13303692264962
Zambia,ZMB,1993,75.28485628724408
Zambia,ZMB,1996,66.50882592652013
Zambia,ZMB,1998,67.00524530236447
Zambia,ZMB,2002,78.13040582021063
Zambia,ZMB,2004,76.46463668546622
Zambia,ZMB,2006,78.90855874629588
Zambia,ZMB,2010,80.7752939354318
Zambia,ZMB,2015,75.4014545855717
Zimbabwe,ZWE,2011,47.15012947673306
Zimbabwe,ZWE,2017,60.96867969551839
Zimbabwe,ZWE,2019,63.81760330208841